question,context,answer
Q: 새벽/당일배송으로 주문한 상품이 일반배송으로 변경된 이유는 무엇인가요?,": 20
Question: Q[배송] 새벽/당일배송으로 주문했는데 일반배송으로 변경됐어요.
Answer: 갑작스러운 주문량 증가 등으로 출고 물류센터에서 새벽/당일 배송이 가능하지 않을 경우 부득이하게 일반배송으로 변경될 수 있는 점 양해 부탁드립니다. 
 배송현황 확인하기
마이쿠팡 → 주문목록 → 상품선택 → 배송조회
keywords: DELIVERY
count: 0
: 18
Question: Q[로켓배송] 새벽배송과 로켓배송을 선택할 수 있나요?
Answer: 아니요. 선택할 수 없습니다. 주문하시기 전에 상품 상세페이지에서 배송 시간을 확인해 주세요. 새벽배송 도착 보장 상품에 한하여 새벽배송이 가능합니다. 새벽배송 도착 보장 상품과 다음 날 배송되는 로켓배송 상품을 함께 구매한 경우 상품이 두 번에 나누어져서 각각 배송됩니다.
 단 로켓와우 상품과 로켓배송 상품을 함께 구매한 경우 새벽배송 상품의 수령 일정을 변경할 수 있습니다. 주문/결제 페이지에서 해당 상품의 새벽도착 여부를 선택해 주세요. 새벽도착을 선택하면 로켓배송 상품과 나누어져 각각 배송되며 새벽도착을 선택하지 않으면 로켓배송 상품과 같은 시간에 함께 배송됩니다. 그리고 이 선택은 다음 주문 시에도 동일하게 적용됩니다. 만약 다음 주문에서 이 선택을 변경하시려면 주문/결제 페이지에서 원하는 옵션으로 다시 선택해 주시기 바랍니다.
keywords: DELIVERY
count: 0
: 49
Question: Q[로켓배송] 새벽배송 주문 후 배송지를 변경할 수 있나요?
Answer: 상품에 종류에 따라 다릅니다. 새벽배송 전용인 로켓프레시 상품은 주문/결제 완료 후에는 배송지 변경이 불가합니다. 그러나 새벽배송 중 로켓배송 일반 상품은 배송시작 전까지 배송지를 변경할 수 있습니다. 배송지 변경 후에는 아래 경로에서 배송예정일을 다시 확인 부탁드립니다. (변경 후 반영까지 약 1~2분 소요)
 주문상품 배송지 변경하기
마이쿠팡 → 주문목록 → 상품선택 → 주문상세보기 → 배송지 [변경하기] 클릭
 배송현황 확인하기
마이쿠팡 → 주문목록 → 상품선택 → 배송조회
keywords: DELIVERY
count: 0","죄송합니다. 새벽/당일 배송으로 주문하신 상품이 일반 배송으로 변경된 점에 대해 불편을 드린 점 사과드립니다. 갑작스러운 주문량 증가 등으로 인해 출고 물류센터에서 새벽/당일 배송이 어려워 부득이하게 일반 배송으로 변경된 것으로 보입니다. 정확한 상황 확인을 위해 주문하신 주문 번호를 알려주시면 배송 현황을 자세히 확인해 드리고 최대한 빠르게 해결해 드리겠습니다.


**조건별 대응 방법:**

* **주문번호 확인 후, 실제로 일반배송으로 변경된 경우:** ""고객님의 주문번호를 확인한 결과, 일반 배송으로 변경된 것을 확인했습니다. 다시 한번 불편을 드린 점 사과드립니다. 현재 배송 예정일은 ~이며, 더 자세한 내용은 마이쿠팡 > 주문목록 > 상품선택 > 배송조회 에서 확인하실 수 있습니다. 혹시 추가적인 문의사항이 있으시면 언제든지 연락주세요.""

* **주문번호 확인 후, 일반배송으로 변경되지 않은 경우 (시스템 오류 등):** ""고객님의 주문번호를 확인해 본 결과, 현재는 새벽/당일 배송으로 예정되어 있습니다. 혹시 배송 정보에 오류가 있으셨다면 죄송합니다. 만약 배송이 지연되거나 변경되는 경우 바로 연락드리겠습니다. 궁금하신 점이 있으시면 언제든지 문의해주세요.""

* **주문번호 확인이 어려운 경우:** ""정확한 상황 확인을 위해 주문하신 주문 번호 확인 부탁드립니다.""


"
Q: 휴대폰 결제 시 인증번호가 오지 않을 때 어떻게 해야 하나요?,": 68
Question: Q[휴대폰 결제] 휴대폰 결제 시 인증번호가 오지 않습니다.
Answer: 휴대폰 결제 시 인증번호가 문자로 오지 않는다면 고객님의 휴대폰 단말기 또는 통신사의 차단 번호와 스팸 문자함을 확인해 주시기 바랍니다. 여기에서도 확인되지 않는다면 이용 중인 휴대폰 통신사 고객센터로 문의해 주세요.
keywords: ORDER
count: 0
: 107
Question: Q[쿠페이] 본인 인증 시 회원정보에 등록된 정보와 일치하지 않는다고 합니다.
Answer: 본인 인증은 본인 명의로 가입한 휴대폰으로만 인증할 수 있습니다. 가족 등 다른 사람의 명의로 된 휴대폰 번호로는 인증이 불가합니다. 또한 본인 인증 시 통신사를 알맞게 선택하였는지 전화번호를 정확히 입력하였는지 한 번 더 확인해 주시기 바랍니다. 만약 이전에 쿠팡에서 이미 인증을 한 후 변경된 개인정보가 있다면 회원정보를 수정한 후 다시 인증을 시도하시기 바랍니다.
keywords: ORDER
count: 0
: 113
Question: Q[휴대폰결제] 휴대폰 결제란 무엇이며 어떻게 결제해야 하나요?
Answer: 휴대폰 결제란 휴대폰 명의자가 문자 서비스로 본인 인증을 한 후 정해진 한도 내에서 결제하는 후불제 결제 수단입니다. 결제 대금은 다음 달 휴대폰 요금에 부과되어 청구됩니다. 결제 한도는 통신사 정책에 따라 각 고객마다 다를 수 있습니다. 결제 한도 확인 및 증액 가능 여부는 이용하시는 통신사로 직접 문의해 주시기 바랍니다. 
 휴대폰 결제 방법
① 주문/결제 페이지에서 결제 수단으로 [휴대폰] 선택
② 이용하는 통신사 선택 후 [결제하기] 클릭
③ 휴대폰 번호 휴대폰 명의자 개인정보 입력 후 [승인번호 요청] 클릭
④ 문자(SMS)로 받은 승인번호 입력 후 [결제하기] 클릭 
 참고사항 
다음의 경우에는 휴대폰 결제가 불가합니다.
• 미성년자 사업자 외국인 명의로 등록된 휴대폰
• 요금 미납 또는 체납 상태의 휴대폰
• 정액 요금제 선불 휴대폰 등
• 서비스 지원 불가 통신사 및 요금제 등
keywords: ORDER
count: 0","네, 안녕하세요. 휴대폰 결제 인증번호 수신 문제로 불편을 드린 점 진심으로 사과드립니다. 정확한 상담을 위해 주문하신 주문 번호 확인 부탁드립니다. 잠시만 기다려주시면 확인 후 최선을 다해 도와드리겠습니다.


**조건별 대응 방법**

1. **단말기 및 통신사 차단 확인:** 고객님의 휴대폰 단말기 또는 통신사의 차단 번호와 스팸 문자함을 먼저 확인해 보겠습니다. 만약 차단되어 있다면 해제 후 다시 인증번호 요청을 시도해 보시기 바랍니다.

2. **스팸 문자함 확인:** 스팸 문자함에 인증번호가 잘못 분류되었을 가능성이 있습니다. 스팸 문자함을 확인하여 인증번호가 있는지 확인해 주세요.

3. **통신사 고객센터 문의:** 위 방법으로도 해결되지 않을 경우, 이용 중인 휴대폰 통신사 고객센터에 문의하여 인증번호 수신 문제에 대해 문의하시는 것이 좋습니다. 통신사 측에서 문제 해결을 도와드릴 수 있습니다. 필요시 통신사 고객센터 연결을 도와드리겠습니다.

4. **주문번호 확인 후 추가 확인:** 주문번호 확인 후, 고객님의 휴대폰 번호와 명의가 정확하게 입력되었는지, 혹시 요금 미납이나 다른 문제는 없는지 추가적으로 확인해 드리겠습니다.
"
Q: 무통장입금으로 주문한 후 다른 은행으로 변경할 수 있나요?,": 58
Question: Q[무통장 입금] 무통장입금으로 주문했는데 다른 은행으로 변경할 수 있나요?
Answer: 주문완료 이후에는 다른 은행으로 변경할 수 없습니다.
다른 은행으로의 입금을 원하신다면 주문취소 후 다시 주문하여 주시기 바랍니다.
keywords: ORDER
count: 0
: 55
Question: Q[무통장 입금] 무통장입금은 무엇이며 결제는 어떻게 하나요?
Answer: 무통장입금은 주문 시 발급받은 일회성 가상계좌로 결제금액을 입금하는 결제 방법으로 주문할 때마다 새로운 계좌번호가 발급됩니다. 주문 시 주문/결제페이지에서 다음의 경로를 선택하면 무통장입금으로 결제를 할 수 있습니다. 
 PC 웹사이트
① 결제방법에서 [무통장입금(가상계좌)] 클릭
② 입금은행 선택하기
③ 결제하기 클릭
 모바일 앱
① 결제수단 클릭
② 계좌이체/무통장입금 클릭
③ 입금은행 선택 후 선택완료 클릭
④ 결제하기 클릭
⑤ 하단 [무통장입급(가상계좌)으로 결제] 클릭
⑥ 팝업창에서 [무통장입금] 클릭
 단 입금은행 선택 시 일부 은행은 선택이 불가합니다. 
 결제 방법은 발급받은 가상계좌로 은행창구 ATM기기 계좌이체 폰뱅킹 인터넷뱅킹 등을 통해 입금하시면 됩니다. 입금자 이름과 상관없이 금액만 일치하면 정상적으로 입금 처리가 완료됩니다.
 무통장입금 가상계좌는 주문 완료 후 [주문완료] 페이지에서 확인이 가능하며 주문 시 입력한 휴대폰 번호로도 문자 메시지가 발송됩니다. 만약 가상계좌 정보를 분실했다면 [마이쿠팡 → 주문목록 → 상품선택 → 주문 상세보기]를 클릭한 후 계좌정보를 확인할 수 있습니다. (은행명 예금주 계좌번호 입금기한 입금 대기금액)
 무통장입금 결제 시 유의사항
• 주문 후 입금기한(24시간) 이내에 입금하지 않으면 주문은 자동으로 취소됩니다. 단 24시간 이내 판매가 종료되는 상품인 경우에는 판매 종료시간까지 입금하셔야 합니다.
• 일부 상품(여행 숙박 순금 등)은 무통장입금으로 구매가 불가할 수 있습니다.
keywords: ORDER
count: 0
: 56
Question: Q[무통장 입금] 무통장입금이 가능한 은행은 어떻게 되나요?
Answer: 무통장입금 결제가 가능한 은행은 다음과 같습니다.
 농협은행 국민은행 신한은행 우리은행 KEB하나은행 SC제일은행 기업은행 우체국 대구은행 부산은행 경남은행 광주은행 수협은행
keywords: ORDER
count: 0","네, 안녕하세요. 무통장입금으로 주문하신 후 은행 변경에 대해 문의하셨네요. 죄송하지만, 주문 완료 후에는 다른 은행으로 변경이 불가능합니다. 주문 취소 후 다시 원하시는 은행으로 주문해주시면 됩니다.


정확한 상담을 위해 주문하신 주문 번호 확인 부탁드립니다.


**조건별 대응 방법:**

* **주문번호 확인 후 주문 취소 가능한 경우:** ""주문번호 확인했습니다. 주문 취소를 도와드리겠습니다. 취소 완료 후 다시 원하시는 은행으로 주문해주시면 됩니다. 불편을 드려 죄송합니다.""

* **주문번호 확인 후 주문 취소가 불가능한 경우 (예: 이미 입금 완료, 배송 시작 등):** ""주문번호 확인했습니다. 현재 주문 상태로는 은행 변경이 어렵습니다. 상황에 따라 취소 및 재주문이 가능할 수 있으니, 자세한 내용은 [고객센터 번호]로 문의해주시면 친절하게 안내해 드리겠습니다. 불편을 드려 죄송합니다.""

* **주문번호 확인 불가능한 경우:** ""정확한 상담을 위해 주문번호 확인이 필요합니다. 주문번호를 찾아 다시 문의해주시면 감사하겠습니다.""
"
Q: 로켓직구에서 건강기능식품은 몇 병까지 구매할 수 있나요?,": 41
Question: Q[로켓직구] 건강식품은 몇 개까지 구매할 수 있나요?
Answer: 건강기능식품은 최대 6병까지 구매 가능하며 면세 통관범위를 초과한 경우에는 세관에서 폐기될 수 있습니다.
keywords: ORDER
count: 0
: 29
Question: Q[로켓직구] 로켓직구는 어떻게 이용하나요?
Answer: 로켓직구는 해외 판매자가 쿠팡에 입점하여 해외에서 고객님께 직접 상품을 발송하는 서비스입니다. 로켓직구 주문 시에는 통관을 위해 받는 사람(수취인)의 개인통관고유부호와 같은 개인식별정보 입력이 필요합니다.
 구매 시 29800원 이상을 장바구니에 담아 한 번에 주문하면 무료배송이고 29800원 미만이면 2500원의 배송비가 부과됩니다. 와우 멤버십 회원은 구매 금액에 상관없이 무료배송입니다. (단 모바일 웹 구매 시 제외)
keywords: DELIVERY
count: 0
: 24
Question: Q[로켓직구] 통관 절차는 어떻게 되나요?
Answer: 로켓직구 상품의 통관 절차는 다음과 같습니다.
 ① 상품이 한국에 도착하면 세관에 수입을 신고합니다.
② 세관에서 검사와 심사를 진행합니다. (물품 제출서류 전산화면 등)
③ 검사와 심사에 이상이 없을 경우 통관이 완료됩니다.
④ 상품을 택배사로 이관하여 국내 배송을 시작합니다.
 참고사항 
식품과 건강기능식품류 상품은 식약처에 식품검역 또는 동물검역을 신고하고 그 결과를 받아서 세관에 수입 신고를 하기에 시간이 더 소요됩니다.
keywords: DELIVERY
count: 0","네, 안녕하세요. 로켓직구 건강기능식품 구매 관련 문의 주셨네요. 건강기능식품은 최대 6병까지 구매 가능하며, 6병을 초과하는 경우 면세 범위를 초과하여 세관에서 폐기될 수 있다는 점 참고 부탁드립니다. 더 궁금하신 점이나 추가적인 도움이 필요하시면 언제든지 다시 문의주세요.


**조건별 대응 방법:**

해당 질문에 대한 답변은 context에 명시되어 있으며, 추가적인 정보는 필요하지 않습니다. 따라서 별도의 조건별 대응 방법은 없습니다.
"
Q: 쿠팡에서 무통장입금을 시도할 때 거래불가로 입금할 수 없는 경우 어떻게 해야 하나요?,": 61
Question: Q[무통장 입금] 무통장입금할 때 거래불가라고 입금할 수가 없습니다.
Answer: 무통장입금 시 거래불가로 입금할 수 없다면 아래 항목을 확인하여 주시기 바랍니다.
 1. 쿠팡의 가상계좌는 일회성입니다.
입금을 시도하려는 주문의 가상계좌와 동일한지 확인해 주시기 바랍니다.
 2. 주문금액과 입금금액이 동일해야 합니다.
1개의 가상계좌로 여러 개의 주문금액을 입금하실 수 없으며 구매금액과 정확히 일치해야 입금이 가능합니다.
 3. 가상계좌의 입금기한은 주문완료 후 24시간 이내입니다.
입금기한이 경과되었는지 확인 바랍니다.
단 주문한 상품 중 판매종료 시간이 24시간 이내일 경우 입금기한은 해당 상품의 판매종료 시간입니다.
 4. ATM기기에서는 100원 단위 입금이 불가능합니다.
은행 창구 또는 통장 및 카드를 이용하여 가상계좌로 계좌이체를 해야 합니다.
 5. 은행별로 가상계좌로 입금이 불가능한 경우가 있습니다.
은행 창구 혹은 계좌이체를 이용해 주시기 바랍니다.
keywords: ORDER
count: 0
: 125
Question: Q[무통장 입금] 해외 계좌에서 쿠팡의 무통장 입금(가상계좌)으로 입금 및 주문이 가능한가요?
Answer: 아니요. 해외 계좌는 환율 등의 문제로 무통장 입금 및 주문 처리가 지원되지 않습니다.
keywords: ORDER
count: 0
: 62
Question: Q[무통장 입금] 여러 개의 상품을 구매 후 무통장입금 계좌로 한꺼번에 입금해도 되나요?
Answer: 아니요. 여러 개의 상품을 각각 주문하여 여러 개의 주문번호가 생성되었다면 각 주문에 생성된 가상계좌로 무통장 입금을 해야 합니다. 주문별 가상계좌는 [마이쿠팡 → 주문목록 → 주문 상세보기]에서 [입금계좌]를 확인할 수 있습니다.
 하나의 가상계좌로 한꺼번에 입금을 원하시면 구매하려는 상품을 장바구니에 모두 담아 한 번에 주문해 주시기 바랍니다.
keywords: ORDER
count: 0","네, 안녕하세요. 쿠팡 무통장 입금 시 거래 불가로 입금이 안 되셔서 불편을 드린 점 진심으로 사과드립니다. 정확한 상담을 위해 주문하신 주문 번호 확인 부탁드립니다. 잠시만 기다려주시면 확인 후 빠르게 해결해 드리겠습니다.


**각 조건별 대응 방법**

1. **가상계좌 확인:** 고객님께서 입력하신 가상계좌 번호가 주문 시 발급받은 가상계좌 번호와 일치하는지 확인합니다. 일치하지 않을 경우, 정확한 가상계좌 번호를 안내하고 재입금을 안내합니다.

2. **입금 금액 확인:** 주문 금액과 입금 금액이 일치하는지 확인합니다. 금액이 다를 경우, 차액을 안내하고 정확한 금액을 입금하도록 안내합니다. 만약 여러 상품을 한꺼번에 입금하려고 하셨다면, 각 주문별 가상계좌로 입금해야 함을 설명하고, 마이쿠팡 > 주문목록 > 주문 상세보기에서 각 주문의 가상계좌를 확인하는 방법을 안내합니다.

3. **입금 기한 확인:** 주문 완료 후 24시간 이내 입금해야 함을 안내하고, 입금 기한이 지났다면 주문 취소 후 재주문을 안내합니다. 판매 종료 시간이 24시간 이내인 상품이 포함된 주문의 경우, 해당 상품의 판매 종료 시간을 기준으로 입금 기한을 설명합니다.

4. **ATM 입금 확인:** ATM기기에서는 100원 단위 입금이 불가능하다는 점을 알려드리고, 은행 창구 또는 계좌이체를 이용하도록 안내합니다.

5. **은행 확인:** 일부 은행에서 가상계좌 입금이 불가능할 수 있다는 점을 알려드리고, 은행 창구 또는 계좌이체를 이용하도록 안내합니다. 필요하다면 다른 은행을 이용해 입금하는 방법을 제안합니다.

6. **해외 계좌 확인:** 만약 해외 계좌에서 입금을 시도하셨다면, 해외 계좌는 지원되지 않는다는 점을 알려드리고 국내 계좌를 이용하도록 안내합니다.
"
Q: 쿠페이에 등록한 카드를 재발급 받으면 다시 등록해야 하나요?,": 97
Question: Q[쿠페이 신용카드] 쿠페이에 등록한 카드를 재발급 받으면 다시 등록해야 하나요?
Answer: 네 카드를 재발급 받으면 카드번호가 변경되기에 다시 등록해야 합니다. [쿠페이 홈 → 결제수단 관리]로 가셔서 기존에 등록된 카드는 삭제해 주시고 재발급 받은 새 카드를 등록해 주시기 바랍니다. 
 쿠페이 홈 바로가기 (클릭)
keywords: ORDER
count: 0
: 117
Question: Q[쿠페이] 쿠페이에 신용/체크카드를 재등록하고 싶은데 어떻게 해야 하나요?
Answer: 아래의 경로를 통해 신용/체크카드를 다시 등록할 수 있습니다. 
 쿠페이 신용/체크카드 등록하기
마이쿠팡 → 결제수단∙쿠페이 → 계좌∙카드 → 결제수단 등록
 ※ 유효기간 만료 등으로 카드를 재발급 받으신 경우엔 새 카드를 다시 등록해 주셔야 합니다. 또한 사용 혼선을 방지하기 위해 기존의 카드는 삭제해 주실 것을 권장합니다.
keywords: ORDER
count: 0
: 36
Question: Q[쿠페이 신용카드] 이미 등록한 카드라고 나옵니다.
Answer: 기존에 등록된 카드가 삭제되지 않은 상태에서 다시 등록을 시도하면 이미 등록된 카드라는 알림을 받게 됩니다. 이미 등록된 카드를 먼저 확인한 후 다른 카드를 등록해 주시기 바랍니다. 만약 문제가 계속 해결되지 않는다면 쿠팡 고객센터(1577-7011)로 연락 주시기 바랍니다.
keywords: ORDER
count: 0","네, 안녕하세요. 쿠페이 담당 상담사입니다. 쿠페이에 등록하신 카드를 재발급 받으셨다면 카드번호가 변경되었기 때문에 재등록이 필요합니다. 쿠페이 앱 또는 웹사이트에 접속하셔서 기존 카드를 삭제하신 후 새로 발급받으신 카드를 등록해주시면 됩니다. 자세한 방법은 쿠페이 앱 내 '결제수단 관리' 메뉴에서 확인하실 수 있습니다. 혹시 어려움이 있으시다면 언제든지 다시 연락주세요. 최선을 다해 도와드리겠습니다.


**조건별 대응 방법:**

(본 질문의 경우, context 내 정보만으로 충분히 답변 가능하므로 별도의 조건별 대응 방법은 없습니다.)
"
Q: 신규 주문 시 이전에 주문한 상품과 한 번에 받고 싶지 않은 경우 어떻게 해야 하나요?,": 54
Question: Q[한 번에 받기] ‘한 번에 받기’를 사용하고 싶지 않습니다.
Answer: 신규 주문 시 이전에 주문한 상품과 한 번에 받고 싶지 않은 경우 주문/결제 단계에서 ‘따로 받기’를 선택해 주세요. 이때 ‘앞으로도 따로 받을게요’를 같이 선택하시면 추후에도 적용되지 않습니다.
keywords: DELIVERY
count: 0
: 44
Question: Q[분리배송] 여러 상품을 한 번에 주문했는데 왜 따로따로 배송되나요?
Answer: 여러 상품을 함께 주문했어도 각 상품의 판매자 및 물류센터가 각각 다를 수 있습니다. 이 경우 각각의 상품들은 서로 다른 곳에서 출고되기에 따로 배송됩니다. 또한 판매자 및 물류센터가 동일하여도 재고 및 택배사 사정에 따라 따로 배송되어 도착일자가 다를 수 있습니다.
keywords: DELIVERY
count: 0
: 56
Question: Q[한 번에 받기] ‘한 번에 받기’란 무엇인가요?
Answer: 로켓상품 ‘한 번에 받기’란 신규 주문 시 아직 배송되지 않은 이전 주문이 있을 경우 두 주문의 배송예정일을 통합하여 한 번에 배송해 드리는 서비스입니다. 적용이 가능한 경우에만 주문 과정에서 ‘한 번에 받기’ 기능이 노출되고 고객님께서는 본인 의사에 따라 ‘한 번에 받기’ 또는 ‘따로 받기’를 선택할 수 있습니다.
keywords: DELIVERY
count: 0","안녕하세요, 고객님. 신규 주문 시 이전 주문과 함께 받고 싶지 않으시다니 불편을 드려 죄송합니다. 주문/결제 단계에서 '따로 받기'를 선택하시면 됩니다. 정확한 상담을 위해 주문하신 주문 번호 확인 부탁드립니다.


**조건별 대응 방법:**

* **'한 번에 받기' 옵션이 표시되는 경우:** 고객님께서 '한 번에 받기' 옵션을 선택하지 않고 '따로 받기'를 선택하시면 됩니다. '앞으로도 따로 받을게요' 옵션을 함께 선택하시면 추후 주문에도 자동으로 '따로 받기'가 적용됩니다.

* **'한 번에 받기' 옵션이 표시되지 않는 경우:** 이 경우 이미 '따로 받기'로 설정되어 있거나, '한 번에 받기' 서비스 적용 조건에 해당되지 않는 경우입니다. (예: 이전 주문이 이미 배송 중인 경우 등) 따라서 별도의 조치가 필요하지 않습니다. 만약 '한 번에 받기'를 원하시는 경우, 주문 번호를 확인하여 시스템 상황을 확인해 드리겠습니다.

* **기타 경우 (예: 시스템 오류 등):** 문의주신 내용은 확인이 필요하여 지금 답변드리기 어려울 것 같습니다. 번거로우시겠지만 확인 후에 다시 연락드려도 괜찮을까요?
"
Q: 로켓프레시 상품을 구매하면 새벽배송이 가능한가요?,": 47
Question: Q[로켓배송] 로켓프레시 상품을 구매하면 새벽배송 되나요?
Answer: 네 로켓프레시 상품은 최대한 빠르고 신선하게 이용할 수 있도록 오전 7시 전까지 문 앞으로 배송됩니다. 단 주문량 증가 및 기상 악화 등 상황에 따라 배송 시간이 변경될 수 있습니다. 주문 완료 후 배송정보를 참고해 주시기 바랍니다.
keywords: DELIVERY
count: 0
: 11
Question: Q[로켓배송] 로켓와우(새벽배송 당일배송 로켓프레시) 이용이 안 돼요.
Answer: 지역에 따라 로켓와우(새벽배송 당일배송 로켓프레시) 상품 구매 혜택이 적용되지 않을 수 있습니다. 고객님께서 입력하신 기본 배송지가 로켓와우 서비스 가능 지역인지 확인을 부탁드립니다. 쿠팡은 앞으로 새벽배송 당일배송 로켓프레시 서비스 범위를 점차 넓혀가고 더 많은 고객님들이 이용하실 수 있도록 준비 중이니 양해를 부탁드립니다.
 로켓와우 가능 지역 확인하기
• 마이쿠팡 → MY정보 → [배송지 관리] 클릭
• 이름 아래 [로켓와우 가능] [로켓프레시 가능] 배지 있는지 확인
keywords: DELIVERY
count: 0
: 18
Question: Q[로켓배송] 새벽배송과 로켓배송을 선택할 수 있나요?
Answer: 아니요. 선택할 수 없습니다. 주문하시기 전에 상품 상세페이지에서 배송 시간을 확인해 주세요. 새벽배송 도착 보장 상품에 한하여 새벽배송이 가능합니다. 새벽배송 도착 보장 상품과 다음 날 배송되는 로켓배송 상품을 함께 구매한 경우 상품이 두 번에 나누어져서 각각 배송됩니다.
 단 로켓와우 상품과 로켓배송 상품을 함께 구매한 경우 새벽배송 상품의 수령 일정을 변경할 수 있습니다. 주문/결제 페이지에서 해당 상품의 새벽도착 여부를 선택해 주세요. 새벽도착을 선택하면 로켓배송 상품과 나누어져 각각 배송되며 새벽도착을 선택하지 않으면 로켓배송 상품과 같은 시간에 함께 배송됩니다. 그리고 이 선택은 다음 주문 시에도 동일하게 적용됩니다. 만약 다음 주문에서 이 선택을 변경하시려면 주문/결제 페이지에서 원하는 옵션으로 다시 선택해 주시기 바랍니다.
keywords: DELIVERY
count: 0","네, 로켓프레시 상품은 새벽배송이 가능합니다. 최대한 빠르고 신선하게 오전 7시 전에 배송되도록 노력하고 있지만, 주문량이나 날씨 등의 상황에 따라 배송 시간이 변경될 수 있는 점 양해 부탁드립니다. 정확한 배송 시간은 주문 완료 후 확인하실 수 있습니다.


**조건별 대응 방법:**

* **일반적인 경우:** 위 답변 그대로 안내한다.
* **배송 지연 또는 배송 불가능한 경우:** ""불편을 드려 죄송합니다. 정확한 상황 확인을 위해 주문하신 주문 번호 확인 부탁드립니다. 확인 후 다시 연락드리겠습니다.""
* **로켓와우 미가입 또는 서비스 지역 외인 경우:** ""죄송합니다만, 고객님의 현재 배송지는 로켓와우(새벽배송 포함) 서비스 지역이 아닐 수 있습니다. 마이쿠팡 > MY정보 > 배송지 관리에서 로켓와우/로켓프레시 가능 여부를 확인해주세요. 서비스 지역 확장을 위해 노력하고 있습니다.""
* **로켓프레시 상품과 로켓배송 상품을 함께 주문한 경우:** ""로켓프레시 상품과 로켓배송 상품을 함께 주문하셨다면, 상품이 따로 배송될 수 있습니다. 주문/결제 페이지에서 새벽배송 도착 여부를 확인해주세요. 새벽 도착을 원하시면 로켓프레시 상품은 새벽에, 로켓배송 상품은 다음날 배송됩니다.""


"
Q: 현금영수증 또는 신용카드 매출전표를 받는 방법은 무엇인가요?,": 0
Question: Q[영수증] 현금영수증 또는 신용카드 매출전표는 어떻게 받나요?
Answer: 상품을 구매하면 영수증/매출전표는 자동으로 발급됩니다. 단 PC 웹사이트에서는 개별 확인 일괄 확인 출력까지 모두 가능하나 모바일에서는 각 주문 개별로만 확인할 수 있습니다.
 • 대금 결제 후 (대금 송금 후) 24시간 이후부터 영수증 조회 및 출력이 가능합니다.
• 직구 상품은 판매자가 해외에 사업장을 가지고 있어 해외의 법을 적용받아 현금영수증을 발행하지 않습니다.
 영수증 확인 및 출력하기 (클릭)
 이미지로 확인하기 (클릭)
 현금영수증 신청하기 (클릭)
 현금영수증 소득공제 혜택을 위한 정보 (클릭)
keywords: ORDER
count: 0
Question: 현금영수증 소득공제 혜택을 위한 정보
Answer: • 반드시 국세청 홈페이지에 최초 1회 가입하셔야 합니다.
• 국세청 회원가입 시점으로부터 24시간 이후부터는 기존에 발급받은 영수증 조회 및 혜택을 모두 소급 받으실 수 있습니다.
 현금영수증 문의
• 국세청 고객센터 전화번호 : 국번없이 126
• 국세청 홈페이지 : https://www.hometax.go.kr/
• 국세청 홈페이지 로그인 후 조회/발급 메뉴에서 현금영수증 사용내역(소득공제) 조회 및 출력 가능
keywords: SUB
count: 0
Question: 영수증 확인 및 출력하기
Answer: 기간별 일괄 확인하기 (PC에서만 가능)
① 마이쿠팡 → MY쇼핑 → 영수증 조회/출력 이동
② [현금영수증] 또는 [신용카드 매출전표] 탭 선택
③ [현금영수증 신청내역] 또는 [신용카드 매출전표 신청내역] 선택
④ [영수증 출력] 선택
⑤ [프린트하기] 선택 
 주문 개별 확인하기
① 마이쿠팡 → MY쇼핑 → 주문목록 이동
② 해당 주문에서 [주문 상세보기] 선태
③ 하단 [결제영수증 정보] 
④ [현금영수증] 또는 [카드영수증] 선택
⑤ [프린트하기] 또는 [출력] 선택 
 기타 안내사항
• 2015년 7월 16일 이전 무통장 입금의 경우 국세청 홈페이지를 통해 확인 부탁드립니다. 
• 휴대폰 결제의 경우 [결제영수증 조회/발급] → 결제대행사(PG사)의 거래내역 조회 페이지 연결
• 휴대폰 결제 영수증의 경우 결제 후 다음 달 휴대폰 요금을 납부하시면 통신사에서 영수증을 자동 발행합니다.
• 쿠페이 휴대폰 결제수단 등록은 2018년 11월 5일부로 종료되었습니다. (단 이전 등록 고객은 계속 이용가능)
keywords: SUB
count: 0","안녕하세요, 쿠팡 고객센터입니다. 현금영수증 또는 신용카드 매출전표 발급 방법에 대해 안내해 드리겠습니다. 상품 구매 후에는 영수증/매출전표가 자동 발급되지만, PC 웹사이트에서는 일괄 확인 및 출력이 가능하고 모바일에서는 주문별로 확인 가능합니다. 대금 결제 후 24시간 이후부터 조회 및 출력이 가능하며, 직구 상품의 경우 현금영수증 발급이 되지 않는 점 양해 부탁드립니다. 정확한 안내를 위해 주문번호 확인 부탁드립니다.


**조건별 대응 방법**

* **일반 상품 (PC 웹사이트 이용):** ""마이쿠팡 > MY쇼핑 > 영수증 조회/출력""으로 이동하여 기간별 일괄 확인 후 출력하시면 됩니다.
* **일반 상품 (모바일 이용):** ""마이쿠팡 > MY쇼핑 > 주문목록""에서 해당 주문의 ""주문 상세보기""를 클릭하고, 하단의 ""결제영수증 정보""에서 원하는 영수증을 출력하시면 됩니다.
* **2015년 7월 16일 이전 무통장 입금:** ""국세청 홈페이지(https://www.hometax.go.kr/)를 통해 확인하셔야 합니다."" 라고 안내하고, 국세청 홈페이지 이용 방법에 대한 추가 설명을 제공합니다.
* **휴대폰 결제:** ""결제영수증 조회/발급"" 메뉴를 통해 결제대행사(PG사)의 거래내역 조회 페이지로 연결하여 확인하실 수 있습니다. 휴대폰 결제 영수증은 다음 달 휴대폰 요금 납부 시 통신사에서 자동 발행됩니다.
* **직구 상품:** ""직구 상품은 판매자가 해외에 사업장을 두고 있어 현금영수증 발급이 불가능합니다."" 라고 안내하고, 대신 제공 가능한 서류(예: 세관 통관 서류 등)에 대해 설명합니다. (단, context에 직구 상품에 대한 추가 정보가 없으므로, 추가 정보 확인 후 안내가 필요할 수 있습니다.)


"
"Q: 쿠팡에서 판매자 배송 상품의 반품 시, 어떤 택배사를 이용하나요?",": 43
Question: Q[반품] 반품은 어느 택배사를 이용하나요?
Answer: 로켓배송이 아닌 판매자 배송 상품은 각 판매자에 따라 택배사가 다릅니다. 따라서 판매자 배송 상품의 반품은 보통 판매자와 계약된 택배사를 통해 진행됩니다. 마이쿠팡을 통해 반품을 신청할 경우 일반적으로 평일 기준 1~3일 이내에 판매자와 계약된 택배사에서 회수를 진행합니다. 판매자와 계약하지 않은 다른 택배사를 통해 반송할 경우 추가 배송비(추가 반품비용)가 부과될 수 있습니다.
 상품의 택배사는 마이쿠팡 주문목록 및 상품 상세페이지 내 배송/교환/반품/판매자 안내에서 확인이 가능합니다. 판매자배송 상품의 정확한 택배사 확인 및 배송/회수 일정 확인은 판매자 또는 택배사 고객센터로 문의해 주시기 바랍니다.
 판매자 정보 확인하기 (클릭)
 택배사 확인하기 (클릭)
keywords: CANCEL
count: 0
Question: 반품 재포장 방법
Answer: 쿠팡 배송 상품
• 반품하는 로켓배송 상품은 미리 재포장해 주시고 포장 겉면에 [쿠팡 반품]이라고 적어주세요.
• 쿠팡 상자가 아닌 다른 상자로 포장해도 괜찮지만 원활한 회수를 위해 포장 겉면에 [쿠팡 반품]이라고 반드시 적어주세요.
• 반품하는 로켓배송 상품이 여러 개인 경우 하나의 상자에 같이 포장해 주셔도 상품 회수가 가능합니다. (단 판매자 배송 상품과 로켓직구 상품은 구분하여 따로 포장해 주셔야 합니다.)
• DIY(조립) 상품의 경우 조립을 해체한 후 재포장 해주세요. 
 판매자 배송 상품 (일반 택배사에서 배송하는 일반 판매자 상품)
• 반품하는 상품은 미리 재포장해 주시고 회수지에 놓아두세요.
• 최초에 수령하신 상자가 훼손된 경우에는 다른 상자에 포장해 주셔도 됩니다.
• 여러 판매자의 상품을 반품하는 경우에는 각 택배기사가 알아볼 수 있도록 잘 구분해 주세요.
 유의사항
• 일반 택배사(예 : 우체국택배 한진택배 등)에서 배송하는 판매자 배송 상품은 반품 시 [판매자 반품]이라고 적어주세요. 그렇지 않고 판매자 배송 상품에도 [쿠팡 반품]이라고 적으면 쿠팡으로 잘못 회수될 수 있습니다. 판매자 배송 상품은 쿠팡이 아닌 판매자에게 회수되어야 하는 점을 유의해 주세요.
• 판매자 배송 상품 구분 방법 : 판매자 배송 상품은 일반 택배사의 운송장이 붙어있고 주문목록 상품 리스트에 로켓 배지가 없습니다.
keywords: SUB
count: 0
: 23
Question: Q[판매자 회수] 상품을 반품할 때 제가 이용하는 택배로 보내도 되나요?
Answer: 만약 반품 상품을 직접 발송하시고 싶다면 원활한 반품 진행을 위해 판매자와 계약된 택배사를 통해 반송해 주시기 바랍니다. 판매자와 계약하지 않은 다른 택배사를 통해 반송할 경우 추가 배송비(추가 반품비용)가 부과될 수 있습니다. 또한 다른 택배사를 이용하여 이미 상품을 반송했다면 마이쿠팡에서 반품 접수를 할 수 없습니다. 반송장 정보를 확인하여 쿠팡 고객센터에서 반품을 접수해 주세요.
 판매자 정보 확인하기 (클릭)
keywords: CANCEL
count: 0","네, 쿠팡 판매자 배송 상품 반품 시 이용하는 택배사는 판매자마다 다르기 때문에, 정확한 택배사를 안내해 드리려면 주문번호 확인이 필요합니다. 주문번호를 알려주시면 해당 상품의 판매자 정보와 계약 택배사를 바로 확인하여 안내해 드리겠습니다. 혹시 주문번호를 찾기 어려우시다면, 마이쿠팡 주문 목록에서 상품 상세 페이지를 통해 확인하실 수 있습니다.


**조건별 대응 방법:**

* **주문번호 확인 가능 시:** 고객님께서 알려주신 주문번호로 확인한 결과, 해당 상품의 판매자는 [판매자 이름]이며, 계약 택배사는 [택배사 이름]입니다. [택배사 이름]을 통해 반품 접수를 진행해주시면 됩니다. 만약 다른 택배사를 이용하실 경우 추가 비용이 발생할 수 있으니, [택배사 이름] 이용을 권장드립니다.

* **주문번호 확인 불가능 시:** 불편을 드려 죄송합니다. 정확한 상담을 위해 주문하신 주문 번호 확인 부탁드립니다. 주문번호를 알려주시면 해당 상품의 판매자 정보와 계약 택배사를 확인하여 안내해 드리겠습니다. 주문번호를 찾는 데 어려움이 있으시다면, 마이쿠팡 접속 방법을 안내해 드리겠습니다.

* **제공된 정보로 판단 불가능 시:** 문의주신 내용은 확인이 필요하여 지금 답변드리기 어려울 것 같습니다. 번거로우시겠지만 확인 후에 다시 연락드려도 괜찮을까요?
"
Q: 휴대폰 결제 시 한도가 초과되어 결제가 안 되는 경우 어떻게 해결할 수 있나요?,": 70
Question: Q[휴대폰결제] 휴대폰 결제 시 한도 초과로 결제가 안된다고 합니다.
Answer: 이는 통신사에 정한 휴대폰 소액결제의 월 누적 결제 한도가 초과된 경우입니다. 휴대폰 소액결제 이용 한도는 이용하시는 통신사로 직접 문의해 주시기 바랍니다.
keywords: ORDER
count: 0
: 113
Question: Q[휴대폰결제] 휴대폰 결제란 무엇이며 어떻게 결제해야 하나요?
Answer: 휴대폰 결제란 휴대폰 명의자가 문자 서비스로 본인 인증을 한 후 정해진 한도 내에서 결제하는 후불제 결제 수단입니다. 결제 대금은 다음 달 휴대폰 요금에 부과되어 청구됩니다. 결제 한도는 통신사 정책에 따라 각 고객마다 다를 수 있습니다. 결제 한도 확인 및 증액 가능 여부는 이용하시는 통신사로 직접 문의해 주시기 바랍니다. 
 휴대폰 결제 방법
① 주문/결제 페이지에서 결제 수단으로 [휴대폰] 선택
② 이용하는 통신사 선택 후 [결제하기] 클릭
③ 휴대폰 번호 휴대폰 명의자 개인정보 입력 후 [승인번호 요청] 클릭
④ 문자(SMS)로 받은 승인번호 입력 후 [결제하기] 클릭 
 참고사항 
다음의 경우에는 휴대폰 결제가 불가합니다.
• 미성년자 사업자 외국인 명의로 등록된 휴대폰
• 요금 미납 또는 체납 상태의 휴대폰
• 정액 요금제 선불 휴대폰 등
• 서비스 지원 불가 통신사 및 요금제 등
keywords: ORDER
count: 0
: 134
Question: Q[휴대폰결제] LGU+는 왜 결제를 못하나요?
Answer: LG U+는 소액결제 피해 예방 및 스미싱 사고 방지를 위하여 휴대폰 결제 서비스를 중단하였습니다. 다른 결제수단을 이용하여 주문해 주시기 바랍니다.
keywords: ORDER
count: 0","네, 안녕하세요. 휴대폰 결제 한도 초과로 결제가 안 되셨다니 정말 불편하셨겠습니다. 먼저, 불편을 드린 점 진심으로 사과드립니다. 정확한 상담을 위해 주문하신 주문 번호 확인 부탁드립니다.


**각 조건별 대응 방법**

1. **통신사 한도 초과:** 고객님께서 이용 중인 통신사의 월 누적 결제 한도가 초과된 경우입니다. 고객님의 통신사(SKT, KT, LG U+)를 알려주시면 해당 통신사의 고객센터 번호를 안내해드리고, 한도 확인 및 증액 방법을 자세히 설명해 드리겠습니다. LG U+인 경우, 소액결제 서비스 중단으로 다른 결제 수단을 이용하셔야 합니다.

2. **기타:** 위의 경우가 아니라면, 문의주신 내용은 확인이 필요하여 지금 답변드리기 어려울 것 같습니다. 번거로우시겠지만 확인 후에 다시 연락드려도 괜찮을까요? (주문번호 확인 후 추가 정보 필요 시)
"
Q: 장바구니에 담긴 상품은 얼마나 오래 보관되나요?,": 75
Question: Q[장바구니] 장바구니란 무엇인가요?
Answer: 장바구니란 마음에 드는 상품을 담아 두었다가 한 번에 구매할 수 있는 저장 공간입니다. 상품의 상세페이지에서 [장바구니 담기]를 선택하여 최대 70개까지의 상품을 보관할 수 있습니다. 장바구니에 담긴 상품은 품절 또는 판매 종료 전까지 보관되며 선택 구매 및 삭제도 가능합니다. 단 상품권은 장바구니 기능이 적용되지 않습니다.
keywords: ORDER
count: 0
: 59
Question: Q[무통장 입금] 무통장입금은 주문 후 언제까지 입금해야 하나요?
Answer: 무통장입금은 주문완료 후 24시간 이내 입금해야 합니다.
입금기한 내 입금확인이 되지 않은 주문 건은 자동 취소됩니다.
※ 주문완료 후 24시간 이내 입금해야 하며 입금기한 내 입금확인이 되지 않은 주문은 자동 취소됩니다.  단 24시간 이내 판매가 종료되는 상품인 경우 판매종료시간까지 입금하셔야 합니다.
※ 반드시 주문금액과 동일한 금액으로 입금해 주시기 바랍니다.
keywords: ORDER
count: 0
: 77
Question: Q[장바구니] 장바구니에 담은 상품은 어디에서 확인할 수 있나요?
Answer: 사용하는 기기에 따라 다음의 위치에서 확인할 수 있습니다.
 • 모바일 : 하단 메뉴바의 가장 오른쪽 [장바구니] (카트 모양 아이콘) 
• PC : 메인 화면 오른쪽 상단의 [장바구니]
keywords: ORDER
count: 0","네, 안녕하세요. 장바구니에 담긴 상품 보관 기간에 대해 문의하셨네요. 고객님께서 장바구니에 담으신 상품은 품절 또는 판매 종료 전까지 보관됩니다. 좀 더 자세한 내용은 확인 후 안내드리겠습니다.


**조건별 대응 방법:**

* **[context] 정보 내에 명시된 내용을 바탕으로 답변 가능한 경우:** 위와 같이 답변하고 추가적인 설명이 필요하다면 ""상품의 품절이나 판매 종료 여부는 상품 상세 페이지에서 확인하실 수 있습니다."" 와 같이 추가 설명을 덧붙입니다.

* **[context] 정보에 없는 내용이거나 유사성이 낮은 경우:** ""문의주신 내용은 확인이 필요하여 지금 답변드리기 어려울 것 같습니다. 번거로우시겠지만 확인 후에 다시 연락드려도 괜찮을까요?"" 라고 답변합니다.
"
"Q: 쿠팡에서 현금영수증을 신청하지 못한 경우, 어떻게 현금영수증을 받을 수 있나요?",": 1
Question: Q[현금영수증] 현금영수증을 신청하지 못했는데 어떻게 해야 하나요?
Answer: 쿠팡은 국세청이 지정한 코드(010-000-1234)로 고객님의 현금영수증을 자진 발급하고 있습니다. 현금영수증 자진 발급 건에 대해 현금영수증 신청을 원하실 경우 결제일 다음 날부터 국세청 홈페이지에서 직접 현금영수증을 발행 받을 수 있습니다. 단 직구 상품은 판매자가 해외에 사업장을 가지고 있어 해외의 법을 적용받아 현금영수증을 발행하지 않습니다.
 자진발급분 등록 방법 (클릭)
keywords: ORDER
count: 0
Question: 영수증 확인 및 출력하기
Answer: 기간별 일괄 확인하기 (PC에서만 가능)
① 마이쿠팡 → MY쇼핑 → 영수증 조회/출력 이동
② [현금영수증] 또는 [신용카드 매출전표] 탭 선택
③ [현금영수증 신청내역] 또는 [신용카드 매출전표 신청내역] 선택
④ [영수증 출력] 선택
⑤ [프린트하기] 선택 
 주문 개별 확인하기
① 마이쿠팡 → MY쇼핑 → 주문목록 이동
② 해당 주문에서 [주문 상세보기] 선태
③ 하단 [결제영수증 정보] 
④ [현금영수증] 또는 [카드영수증] 선택
⑤ [프린트하기] 또는 [출력] 선택 
 기타 안내사항
• 2015년 7월 16일 이전 무통장 입금의 경우 국세청 홈페이지를 통해 확인 부탁드립니다. 
• 휴대폰 결제의 경우 [결제영수증 조회/발급] → 결제대행사(PG사)의 거래내역 조회 페이지 연결
• 휴대폰 결제 영수증의 경우 결제 후 다음 달 휴대폰 요금을 납부하시면 통신사에서 영수증을 자동 발행합니다.
• 쿠페이 휴대폰 결제수단 등록은 2018년 11월 5일부로 종료되었습니다. (단 이전 등록 고객은 계속 이용가능)
keywords: SUB
count: 0
: 2
Question: Q[쿠페이] 쿠페이 현금영수증을 다시 설정하려면 어떻게 하나요?
Answer: 쿠페이에 등록된 현금영수증 설정은 아래 경로를 통해 고객님께서 직접 변경하실 수 있습니다.
 현금영수증 설정 변경하기
마이쿠팡 → 결제수단∙쿠페이 → [현금영수증 설정] 선택 후 정보 변경
keywords: ORDER
count: 0","안녕하세요, 쿠팡 고객센터입니다. 현금영수증 신청을 못하셨다니 정말 죄송합니다. 쿠팡에서는 국세청 지정 코드로 현금영수증을 자진 발급하고 있으며, 결제 다음 날부터 국세청 홈페이지에서 직접 발급받으실 수 있습니다. 단, 직구 상품은 해외 법 적용으로 현금영수증 발급이 어렵다는 점 양해 부탁드립니다. 정확한 상담을 위해 주문하신 주문 번호 확인 부탁드립니다.


**조건별 대응 방법**

* **일반 상품 (직구 상품 제외):** 고객님께서 직접 국세청 홈페이지에서 현금영수증을 발급받으실 수 있도록 안내해 드립니다. 자진발급분 등록 방법에 대한 링크를 제공하고, 국세청 홈페이지 접속 및 발급 방법에 대해 자세히 설명해 드립니다. 필요시, 스크린샷을 첨부하여 더욱 자세하게 안내해 드립니다.

* **직구 상품:** 해외 판매자의 사업장이 해외에 있어 현금영수증 발급이 불가능함을 안내하고, 대신 세금계산서 또는 영수증 발급 가능 여부를 확인해 드립니다. (단, context에 해당 정보가 없으므로, 추가 확인이 필요할 수 있습니다.)

* **주문번호 확인 불가 시:** 고객님께서 주문번호를 제공하지 않으시면, 위 안내를 드린 후, 추가적인 정보 확인을 위해 전화 또는 이메일을 통해 연락드릴 것을 안내합니다.


"
Q: 쿠팡에서 로켓배송 상품의 반품 가능 기간은 어떻게 되나요?,": 2
Question: Q[교환/반품] 교환/반품이 가능한 기준은 무엇인가요?
Answer: 미사용 상품에 한하여 교환/반품이 가능합니다. 상품을 회수한 후 검수 단계에서 문제가 발견될 시 고객님께 연락을 드릴 수 있습니다. '전자상거래 등에서의 소비자보호에 관한 법률'에 의거하여 상품 수령 후 7일 이내 교환/반품을 요청할 수 있습니다. 단 로켓배송 상품의 경우 배송 완료 후 30일 이내 로켓모바일 상품은 주문일 포함 14일 이내로 교환/반품이 가능합니다. 세부내용은 아래를 참고하시기 바랍니다.
 교환/반품 신청하기
마이쿠팡 → 주문목록 → 상품선택 → [교환 반품신청] 
이후 각 단계에 해당하는 항목을 선택하여 신청을 완료합니다.
 교환/반품 가능 기간 (클릭)
 교환/반품 제한사항 (클릭)
keywords: CANCEL
count: 0
: 43
Question: Q[반품] 반품은 어느 택배사를 이용하나요?
Answer: 로켓배송이 아닌 판매자 배송 상품은 각 판매자에 따라 택배사가 다릅니다. 따라서 판매자 배송 상품의 반품은 보통 판매자와 계약된 택배사를 통해 진행됩니다. 마이쿠팡을 통해 반품을 신청할 경우 일반적으로 평일 기준 1~3일 이내에 판매자와 계약된 택배사에서 회수를 진행합니다. 판매자와 계약하지 않은 다른 택배사를 통해 반송할 경우 추가 배송비(추가 반품비용)가 부과될 수 있습니다.
 상품의 택배사는 마이쿠팡 주문목록 및 상품 상세페이지 내 배송/교환/반품/판매자 안내에서 확인이 가능합니다. 판매자배송 상품의 정확한 택배사 확인 및 배송/회수 일정 확인은 판매자 또는 택배사 고객센터로 문의해 주시기 바랍니다.
 판매자 정보 확인하기 (클릭)
 택배사 확인하기 (클릭)
keywords: CANCEL
count: 0
Question: 반품 가능 기간
Answer: 로켓배송 상품 : 배송 완료 후 30일 이내
로켓프레시 상품 : 단순 변심으로 인한 반품 불가
로켓직구 상품 : 배송 완료 후 7일 이내
로켓모바일 상품 : 주문일 포함 14일 이내
판매자 배송 상품 : 배송 완료 후 7일 이내
티켓 상품 : 티켓의 사용 유효기간 전까지
 단 상품에 따라 반품 조건이 다르므로 정확한 내용은 구매한 상품의 상세페이지 내 배송/교환/반품/판매자 안내를 참고하시기 바랍니다.
keywords: SUB
count: 0","네, 안녕하세요. 쿠팡 고객센터입니다. 로켓배송 상품의 반품 가능 기간에 대해 문의주셨네요. 일반적으로 로켓배송 상품은 배송 완료 후 30일 이내 반품이 가능합니다. 다만, 정확한 반품 가능 기간은 상품에 따라 다를 수 있으므로, 정확한 상담을 위해 주문하신 주문 번호 확인 부탁드립니다.


**각 조건별 대응 방법**

* **주문번호 확인 후 로켓배송 상품인 경우:** ""고객님께서 문의하신 주문번호의 상품은 로켓배송 상품으로 확인됩니다. 배송 완료 후 30일 이내에 반품이 가능합니다. 반품 절차에 대해 안내해 드릴까요?"" (이후 반품 절차 안내)

* **주문번호 확인 후 로켓배송 상품이 아닌 경우 (로켓프레시, 로켓직구, 로켓모바일, 판매자 배송 상품 등):** ""고객님께서 문의하신 주문번호의 상품은 [상품 종류] 상품으로 확인됩니다. 해당 상품의 반품 가능 기간은 [상품 종류에 따른 반품 가능 기간 - 위 context 참조] 입니다. 자세한 내용은 마이쿠팡 > 주문목록 > 해당 상품 상세페이지 내 배송/교환/반품/판매자 안내에서 확인하실 수 있습니다. 혹시 추가적인 도움이 필요하시면 언제든지 연락주세요."" (상품 종류에 따른 기간 안내 후 추가 지원)

* **주문번호 확인 불가 또는 정보 부족:** ""문의주신 내용을 정확하게 확인하기 위해 주문번호 확인이 필요합니다. 번거로우시겠지만 주문번호를 알려주시면 빠르게 안내해 드리겠습니다."" (주문번호 확인 요청 후 안내)
"
"Q: 쿠팡 배송차량의 사고, 과속, 주차 문제 등을 신고하려면 어떻게 해야 하나요?",": 79
Question: Q[배송] 쿠팡 배송차량의 문제는 어디에 말하면 되나요?
Answer: 쿠팡 배송차량의 사고 과속 주차 문제 등으로 확인이 필요할 시 고객님의 주소지 및 차량번호를 확인하여 신고접수센터(1800-9119)로 연락 부탁드립니다.
keywords: DELIVERY
count: 0
: 126
Question: Q[주문] 해외배송상품 중 부정수입물품의 신고는 어떻게 할 수 있나요?
Answer: 쿠팡은 적법한 절차를 통해 수입되지 않거나 원산지를 속이는 등 부정수입물품의 판매를 금지하고 있습니다. 부정수입물품으로 확인되는 경우 쿠팡 고객센터(1577-7011)로 신고해 주시기 바랍니다.
keywords: ORDER
count: 0
: 71
Question: Q[상품분실] 택배사에서 상품을 분실했다는데 어떻게 해야 하나요?
Answer: 택배사에서 분실한 상품에 대해서는 판매자 또는 택배사에 문의해 주시기 바랍니다. 분실한 상품의 재배송 및 환불은 판매자와 계약한 택배사의 확인 후 처리가 가능합니다.
 상품 유형별 판매자 문의처
• 로켓배송 로켓프레시 로켓모바일 로켓직구는 쿠팡 고객센터로 문의
• 판매자 배송 상품은 아래의 경로를 통해 해당 판매자에게 직접 문의
 판매자에 문의하기
• 마이쿠팡 → 주문목록 → 상품선택 → [‘판매자명’에 문의하기]
• 버튼 클릭 후 판매자 연락처 확인 및 문의 가능
 택배사에 문의하기
• 마이쿠팡 → 주문목록 → 상품선택 → [택배 배송기사에게 전화하기]
• 택배기사 연락처 확인 불가 시 배송조회 후 택배사로 문의 가능
keywords: DELIVERY
count: 0","네, 고객님께서 쿠팡 배송 차량의 사고, 과속, 주차 문제를 신고하시고 싶으시군요. 불편을 드린 점 진심으로 사과드립니다. 고객님의 소중한 제보를 바탕으로 쿠팡 배송 서비스의 질을 높이는 데 최선을 다하겠습니다. 정확한 상황 파악을 위해 고객님께서 목격하신 사고, 과속, 주차 문제 발생 장소와 차량 번호를 알려주시면 신고 접수 센터(1800-9119)에 신고 접수를 도와드리겠습니다.


**조건별 대응 방법:**

* **고객님이 사고, 과속, 주차 문제 발생 장소와 차량 번호를 알려주는 경우:** ""고객님께서 알려주신 정보를 바탕으로 신고 접수 센터(1800-9119)에 신고 접수를 도와드리겠습니다. 잠시만 기다려주시면 신고 접수를 진행하고 결과를 안내해 드리겠습니다."" (신고 접수 후 결과 안내)

* **고객님이 사고, 과속, 주차 문제 발생 장소 또는 차량 번호를 정확히 알려주지 못하는 경우:** ""정확한 상황 파악을 위해 발생 장소와 차량 번호를 확인하는 것이 필요합니다. 혹시 기억나는 정보가 있으시다면 알려주시면 감사하겠습니다. 추가 정보 확인 후 신고 접수를 도와드리겠습니다."" (추가 정보 확인 후 신고 접수 진행)

* **고객님이 제공하는 정보가 부족하여 신고 접수가 어려운 경우:** ""죄송합니다만, 제공해주신 정보만으로는 신고 접수가 어렵습니다. 좀 더 자세한 정보를 알려주시면 신고 접수를 도와드리겠습니다. 혹시 사진이나 영상 자료가 있으신가요?"" (추가 정보 요청 후 신고 접수 진행)
"
Q: 쿠팡에서 반품하려는 상품을 어떻게 포장하고 보내야 하나요?,": 5
Question: Q[회수] 반품하려는 상품은 어떻게 포장해야 하고 어떻게 보내야 하나요?
Answer: 먼저 마이쿠팡을 통해 직접 반품 신청을 부탁드립니다. 그 다음 반품할 상품을 재포장하여 반품 신청 시 선택한 회수지에 상품을 보관해 주세요. 이후 배송직원 또는 택배기사가 방문하여 반품 상품을 회수해 갑니다. 상품 유형에 따라 회수 일정이 다르니 아래의 세부내용을 참고해 주시기 바랍니다.
 반품 재포장 방법 (더 보기)
 반품 접수 후 회수 일정 안내 (더 보기)
 판매자 배송 상품의 반품 상품을 직접 발송할 경우 (더 보기)
 판매자 정보 확인하기 (더 보기)
keywords: CANCEL
count: 0
: 1
Question: Q[반품] 상품의 포장을 훼손했는데 반품할 수 있나요?
Answer: 상품의 포장도 상품의 가치 중 하나로 인정받는 상품이 있습니다. 이러한 상품의 포장이 훼손되어 상품의 가치가 감소했다면 단순 변심에 의한 반품이 불가합니다. 예를 들어 의류의 태그 신발의 박스 전자제품의 박스와 비닐이 훼손 및 누락된 경우 등이 해당합니다. 상품 회수 후 검수 단계에서 이러한 문제가 발견되면 고객님께 연락을 드릴 수 있으며 반품이 불가한 상품은 다시 반송해 드립니다. 상품별 반품 세부내용은 상품 상세페이지를 확인해 주시기 바랍니다.
 이와 별도로 상품의 포장이 아닌 택배의 박스나 비닐이 훼손된 경우 배송직원 또는 택배기사가 상품을 회수할 수 있도록 다른 박스에 재포장하여 반품해 주시기 바랍니다.
 반품 신청하기
마이쿠팡 → 주문목록 → 상품선택 → [교환 반품 신청] 
이후 각 단계에 해당하는 항목을 선택하여 신청을 완료합니다.
 교환/반품 제한사항 (클릭)
keywords: CANCEL
count: 0
: 20
Question: Q[로켓배송] 반품하려는 상품에 '쿠팡 반품'이라고 적으면 빠르게 회수되나요?
Answer: 네 쿠팡에서 배송하는 로켓배송 상품은 반품 시 포장 겉면에 [쿠팡 반품]이라고 적어주시면 더욱 정확하게 상품이 회수됩니다. 
 로켓배송 반품 재포장 방법
• 반품하는 로켓배송 상품은 미리 재포장해 주시고 포장 겉면에 [쿠팡 반품]이라고 적어주세요.
• 쿠팡 상자가 아닌 다른 상자로 포장해도 괜찮지만 원활한 회수를 위해 포장 겉면에 [쿠팡 반품]이라고 반드시 적어주세요.
• 반품하는 로켓배송 상품이 여러 개인 경우 하나의 상자에 같이 포장해 주셔도 상품 회수가 가능합니다. (단 판매자 배송 상품과 로켓직구 상품은 구분하여 따로 포장해 주셔야 합니다.)
• DIY(조립) 상품의 경우 조립을 해체한 후 재포장 해주세요. 
 유의사항
• 일반 택배사(예 : 우체국택배 한진택배 등)에서 배송하는 판매자 배송 상품은 반품 시 [판매자 반품]이라고 적어주세요. 그렇지 않고 판매자 배송 상품에도 [쿠팡 반품]이라고 적으면 쿠팡으로 잘못 회수될 수 있습니다. 판매자 배송 상품은 쿠팡이 아닌 판매자에게 회수되어야 하는 점을 유의해 주세요.
• 판매자 배송 상품 구분 방법 : 판매자 배송 상품은 일반 택배사의 운송장이 붙어있고 주문목록 상품 리스트에 로켓 배지가 없습니다.
keywords: CANCEL
count: 0","안녕하세요, 쿠팡 고객센터입니다. 반품 절차에 대해 안내해 드리겠습니다. 먼저 마이쿠팡을 통해 반품 신청을 해주시면, 상품 종류에 따라 회수 일정이 다르니 상세 내용을 확인하실 수 있도록 안내해 드리겠습니다. 정확한 상담을 위해 주문하신 주문 번호 확인 부탁드립니다.


**조건별 대응 방법**

* **로켓배송 상품:** 포장 겉면에 '쿠팡 반품'이라고 적어주시면 회수가 더욱 원활합니다. 쿠팡 박스가 아니더라도 상관없지만, '쿠팡 반품' 표기는 필수입니다. 여러 개의 상품을 하나의 박스에 담아 보내셔도 괜찮습니다. 단, 판매자 배송 상품과는 분리하여 포장해주세요. DIY 상품은 조립을 해체 후 재포장해주셔야 합니다.

* **판매자 배송 상품:** 일반 택배사 운송장이 부착되어 있고, 주문 목록에 로켓 배지가 없는 상품입니다. 이 경우, 포장 겉면에 '판매자 반품'이라고 적어주시고, 판매자 정보를 확인하여 지정된 방법으로 반품해주셔야 합니다. '쿠팡 반품' 표기는 오히려 회수 지연을 야기할 수 있습니다. (판매자 정보는 마이쿠팡 > 주문목록 > 해당 상품에서 확인 가능합니다.)

* **상품 포장 훼손:** 상품 포장이 훼손된 경우, 단순 변심 반품이 불가능할 수 있습니다. (의류 태그, 신발 박스, 전자제품 박스 및 비닐 등) 상품 상세 페이지에서 반품 가능 여부를 확인해주세요. 택배 박스 훼손은 다른 박스에 재포장하여 보내주시면 됩니다.

* **기타:** 위에 명시되지 않은 경우, 문의주신 내용은 확인이 필요하여 지금 답변드리기 어려울 것 같습니다. 번거로우시겠지만 확인 후에 다시 연락드려도 괜찮을까요?
"
Q: 무료배송을 받으려면 어떤 조건이 필요한가요?,": 42
Question: Q[배송비] 무료배송은 어떻게 받나요?
Answer: 무료배송은 와우 멤버십 가입 여부 무료배송 이벤트 기간 각 상품의 구매 금액 기준 등에 따라 다양하며 그 조건을 충족할 때 무료배송이 가능합니다. 따라서 고객님 계정으로 로그인 후 구입하려는 상품의 상세페이지에서 무료배송의 조건을 확인해 주시기 바랍니다.
keywords: DELIVERY
count: 0
Question: 예시 살펴보기
Answer: 예시1) 5만원 이상 구매 시 무료배송인 경우
• 구매: A상품 4만원 + B상품 2만원 = 총 6만원 (무료배송 조건 충족)
• 취소: B상품 2만원 부분 취소 = 남은 상품 금액 총 4만원 (무료배송 조건 불충족)
• 환불: 부분 취소한 B상품 2만원에서 배송비를 차감한 후 남은 금액이 환불됩니다.
 예시2) 1만원 이상 구매 시 무료배송인 경우
• 구매: A상품 2천원 * 5개 = 총 1만원 (무료배송 조건 충족)
• 취소: A상품 5개 중 1개 부분 취소 = 남은 상품 금액 총 8천원 (무료배송 조건 불충족)
• 환불: 부분 취소한 A상품의 1개 금액이 배송비보다 작기 때문에 배송비를 입금한 후 부분 취소한 상품의 전액이 환불됩니다.
keywords: SUB
count: 0
: 82
Question: Q[장바구니] 로켓배송 상품을 결제하려는데 XXXX원을 추가해야 주문이 가능하다고 합니다.
Answer: 와우 멤버십 회원이 아닌 경우 로켓배송 구매 가능 조건인 19800원이 충족되어야 주문이 가능합니다. 구매 가능 조건 금액이 부족하다면 장바구니에 추가로 필요한 [로켓배송] 상품을 담아 조건 충족 후 한 번에 주문해 주시기 바랍니다.
keywords: ORDER
count: 0","네, 안녕하세요. 무료배송 조건에 대해 문의주셨네요. 무료배송은 와우 멤버십 가입 여부, 무료배송 이벤트 진행 여부, 그리고 상품의 구매 금액 등 여러 조건에 따라 달라지는데요. 정확한 무료배송 조건을 안내해 드리려면 주문하시려는 상품의 상세 페이지를 직접 확인해야 합니다. 잠시만 기다려주시면 제가 직접 확인하여 안내해 드리겠습니다.


**각 조건별 대응 방법**

* **와우 멤버십:** 고객님께서 와우 멤버십 회원이신지 확인하고, 회원이라면 해당 상품에 대한 와우 멤버십 무료배송 적용 여부를 상품 상세페이지에서 확인하여 안내한다. 회원이 아니라면 와우 멤버십 가입을 통해 무료배송 혜택을 받을 수 있는지 안내한다.

* **무료배송 이벤트:** 현재 진행 중인 무료배송 이벤트가 있는지 확인하고, 있다면 이벤트 기간과 적용 조건을 상품 상세페이지에서 확인하여 안내한다.

* **구매 금액:** 상품 상세페이지에서 명시된 무료배송 적용 최소 구매 금액을 확인하여 안내하고, 고객님의 장바구니 금액이 기준 금액을 충족하는지 확인하여 안내한다. 만약 충족하지 못한다면 추가 구매를 통해 무료배송 조건을 충족할 수 있도록 안내한다.

* **기타:** 위 세 가지 조건 외 다른 조건이 있다면 (예: 특정 상품에 대한 무료배송) 상품 상세페이지에서 확인하여 안내한다. 상세페이지에 정보가 없거나 불분명하다면, ""정확한 상담을 위해 주문하시려는 상품명과 주문번호를 알려주시면 확인 후 다시 연락드리겠습니다."" 라고 안내한다.
"
Q: 쿠팡은 해외 주소지로 배송 서비스를 제공하나요?,": 39
Question: Q[해외 수령] 주문한 상품을 해외로 배송할 수 있나요?
Answer: 아니요. 쿠팡은 현재 해외 주소지로 배송 서비스를 제공하지 않습니다. 배송은 국내 주소지로만 가능합니다.
keywords: DELIVERY
count: 0
: 6
Question: Q[해외배송] 개인통관고유부호 발급 및 입력 방법을 알고 싶어요.
Answer: 개인통관고유부호란 해외배송 상품을 통관할 때 주민등록번호 대신 사용하는 13자리 부호(P+12개의 숫자)입니다. 해외배송 상품을 구매하려면 개인통관고유부호 입력은 필수 사항입니다. 개인통관고유부호는 상품을 ‘받는 사람(수취인)’의 정보로 입력하셔야 합니다. 구매한 사람과 받는 사람이 다른 경우엔 입력에 유의를 부탁드립니다.
 개인통관고유부호 발급 경로
• 관세청 개인통관고유부호 발급사이트(클릭) 
• 본인 인증을 거친 후 성함 핸드폰 번호 등 간단한 정보를 입력하면 발급이 가능합니다.
 개인통관고유부호 입력 시 유의사항
• 관세청에 등록된 이름과 연락처가 쿠팡에서 주문할 때 입력한 ‘받는사람(수취인)’의 정보와 반드시 일치해야 합니다. 
• 쿠팡에 입력한 ‘받는사람(수취인)’의 이름 외 다른 정보가 포함되면 안 됩니다. (예) 김쿠팡(집) 김쿠팡(회사) 등
keywords: DELIVERY
count: 0
: 126
Question: Q[주문] 해외배송상품 중 부정수입물품의 신고는 어떻게 할 수 있나요?
Answer: 쿠팡은 적법한 절차를 통해 수입되지 않거나 원산지를 속이는 등 부정수입물품의 판매를 금지하고 있습니다. 부정수입물품으로 확인되는 경우 쿠팡 고객센터(1577-7011)로 신고해 주시기 바랍니다.
keywords: ORDER
count: 0","죄송합니다. 현재 쿠팡에서는 해외 주소지로의 배송 서비스를 제공하지 않습니다. 국내 주소지로만 배송이 가능하다는 점 양해 부탁드립니다.


**조건별 대응 방법:**

해당 질문에 대한 답변은 context 내 정보를 바탕으로 이미 완벽하게 제공되었습니다. 추가적인 조건이나 상황에 따른 대응 방법은 필요하지 않습니다.
"
Q: 쿠팡에서 판매자 배송 상품의 판매자에게 문의하려면 어떻게 해야 하나요?,": 36
Question: Q[판매자] 판매자 정보는 어디서 확인하나요?
Answer: [상품 상세페이지] 내 [배송/교환/반품/판매자 안내]에서 판매자 정보와 연락처를 확인할 수 있습니다.
 로켓배송 로켓프레시 로켓직구 로켓모바일 상품은 쿠팡이 판매자이므로 문의사항이 있는 경우 쿠팡 고객센터(1577-7011)로 연락 주시기 바랍니다. 
 판매자 배송 상품은 각 판매자가 다르며 문의사항이 있는 경우 아래의 경로를 통해서도 각 판매자에게 직접 문의할 수 있습니다. 판매자 배송 상품일 경우에만 마이쿠팡 주문목록에서 [판매자 문의] 메뉴가 노출됩니다. 
 • 마이쿠팡 → 주문목록 → 상품선택 → [‘판매자명’에 문의하기]
 ※ 교환/반품 신청은 마이쿠팡을 통해 고객님께서도 직접 할 수 있습니다.
 교환/반품 신청하기
마이쿠팡 → 주문목록 → 상품선택 → [교환 반품신청] 
이후 각 단계에 해당하는 항목을 선택하여 신청을 완료합니다.
keywords: CANCEL
count: 0
Question: 판매자 배송 상품을 받지 못한 경우
Answer: 택배사에 문의하기
• 마이쿠팡 → 주문목록 → 상품선택 → [택배 배송기사에게 전화하기]
• 택배기사 연락처는 배송완료 직후까지만 확인할 수 있습니다.
 판매자에 문의하기
• 마이쿠팡 → 주문목록 → 상품선택 → [‘판매자명’에 문의하기]
• 상품 상세페이지 내 배송/교환/반품/판매자 안내에서 판매자 연락처 확인 가능
keywords: SUB
count: 0
: 71
Question: Q[상품분실] 택배사에서 상품을 분실했다는데 어떻게 해야 하나요?
Answer: 택배사에서 분실한 상품에 대해서는 판매자 또는 택배사에 문의해 주시기 바랍니다. 분실한 상품의 재배송 및 환불은 판매자와 계약한 택배사의 확인 후 처리가 가능합니다.
 상품 유형별 판매자 문의처
• 로켓배송 로켓프레시 로켓모바일 로켓직구는 쿠팡 고객센터로 문의
• 판매자 배송 상품은 아래의 경로를 통해 해당 판매자에게 직접 문의
 판매자에 문의하기
• 마이쿠팡 → 주문목록 → 상품선택 → [‘판매자명’에 문의하기]
• 버튼 클릭 후 판매자 연락처 확인 및 문의 가능
 택배사에 문의하기
• 마이쿠팡 → 주문목록 → 상품선택 → [택배 배송기사에게 전화하기]
• 택배기사 연락처 확인 불가 시 배송조회 후 택배사로 문의 가능
keywords: DELIVERY
count: 0","네, 쿠팡 판매자 배송 상품의 판매자에게 문의하는 방법을 안내해 드리겠습니다. 마이쿠팡에 접속하셔서 주문목록으로 이동한 후, 해당 상품을 선택하시면 '판매자명에 문의하기' 버튼이 있습니다. 이 버튼을 클릭하시면 판매자의 연락처를 확인하고 문의하실 수 있습니다.


**조건별 대응 방법:**

* **일반적인 경우:** 위와 같이 안내 후, ""정확한 상담을 위해 주문하신 주문 번호 확인 부탁드립니다."" 라고 추가 안내합니다.

* **주문번호 확인 후 판매자 정보 확인 불가능한 경우:** ""죄송합니다만, 시스템상 판매자 정보가 확인되지 않습니다. 잠시 후 다시 시도해주시거나, 쿠팡 고객센터(1577-7011)로 문의해주시면 감사하겠습니다."" 라고 안내합니다.

* **주문번호 확인 후 '판매자 문의하기' 버튼이 없는 경우:** ""해당 상품이 로켓배송, 로켓프레시, 로켓직구, 로켓모바일 상품인 경우 쿠팡 고객센터(1577-7011)로 문의해주셔야 합니다. 불편을 드려 죄송합니다."" 라고 안내합니다.
"
Q: 주문 시 배송비를 지불했는데 택배사에서 추가 배송비를 요구하는 경우 어떻게 해야 하나요?,": 43
Question: Q[배송비] 주문 시 배송비를 지불했는데 택배사에서 배송비를 요구합니다.
Answer: 가구 및 가전제품의 경우 배송 및 설치 과정에서 추가 비용이 발생할 수 있습니다. 주문 시 배송비를 지불했는데 택배사에서 추가 배송비를 요구한다면 판매자에게 문의하여 배송비 조건을 확인해 주시기 바랍니다.
keywords: DELIVERY
count: 0
: 23
Question: Q[판매자 회수] 상품을 반품할 때 제가 이용하는 택배로 보내도 되나요?
Answer: 만약 반품 상품을 직접 발송하시고 싶다면 원활한 반품 진행을 위해 판매자와 계약된 택배사를 통해 반송해 주시기 바랍니다. 판매자와 계약하지 않은 다른 택배사를 통해 반송할 경우 추가 배송비(추가 반품비용)가 부과될 수 있습니다. 또한 다른 택배사를 이용하여 이미 상품을 반송했다면 마이쿠팡에서 반품 접수를 할 수 없습니다. 반송장 정보를 확인하여 쿠팡 고객센터에서 반품을 접수해 주세요.
 판매자 정보 확인하기 (클릭)
keywords: CANCEL
count: 0
: 41
Question: Q[착불 배송] 착불 배송이란 무엇인가요?
Answer: 착불 배송이란 상품의 배송비를 고객님이 직접 택배기사에게 바로 지불하는 방법을 말합니다.
착불 배송 상품을 구매하신 경우에는 상품 수령 시 택배기사에게 택배비를 지불하셔야 합니다.
keywords: DELIVERY
count: 0","네, 안녕하세요. 주문하신 상품 배송 중 추가 배송비 발생으로 불편을 드린 점 진심으로 사과드립니다. 정확한 상담을 위해 주문하신 주문 번호 확인 부탁드립니다. 주문번호 확인 후 담당 부서에 문의하여 추가 배송비 발생 원인을 확인하고 해결 방안을 안내해 드리겠습니다.


**조건별 대응 방법**

* **가구/가전제품 주문의 경우:** [context] 43번 문항에 따라, 가구 및 가전제품은 배송 및 설치 과정에서 추가 비용이 발생할 수 있다는 점을 안내하고, 판매자에게 직접 연락하여 배송비 조건을 확인하도록 안내한다. 추가 배송비가 부당하다면 판매자와 협의하여 환불 등의 조치를 받도록 지원한다.

* **기타 상품 주문의 경우:** [context]에는 추가 배송비 발생에 대한 구체적인 내용이 부족하다. 따라서, 주문번호 확인 후 판매자에게 직접 문의하여 추가 배송비 발생 원인을 확인하고, 고객에게 그 결과를 전달하고 해결 방안을 제시한다. 만약 판매자의 잘못으로 추가 배송비가 발생했다면 환불 등의 조치를 받도록 지원한다. 만약 고객의 잘못으로 추가 배송비가 발생했다면, 상황을 설명하고 추가 배송비 지불을 안내한다.


"
