,Question,Answer,keywords,count
0,Q[교환/반품] 상품을 교환/반품하고 싶어요.,"교환 및 반품은 사용하지 않은 상품에 한하여 가능하며 고객님께서 마이쿠팡을 통해 직접 쉽고 빠르게 교환/반품을 신청할 수 있습니다. 상품을 회수한 후 검수 단계에서 문제가 발견되면 고객님께 연락을 드릴 수 있습니다. 교환은 기본적으로 구매 상품과 동일한 상품으로만 가능합니다. 색상 및 사이즈 변경을 원하시면 반품 후 재구매를 해 주시기 바랍니다. 
 교환/반품 신청하기 
마이쿠팡 → 주문목록 → 상품선택 → [교환 반품 신청] 선택 
이후 각 단계에 해당하는 항목을 선택하여 신청을 완료합니다.
 회수/배송/비용 안내 (클릭)
 교환/반품 가능 기간 (클릭)
 판매자 정보 확인하기 (클릭)",CANCEL,0
1,Q[반품] 상품의 포장을 훼손했는데 반품할 수 있나요?,"상품의 포장도 상품의 가치 중 하나로 인정받는 상품이 있습니다. 이러한 상품의 포장이 훼손되어 상품의 가치가 감소했다면 단순 변심에 의한 반품이 불가합니다. 예를 들어 의류의 태그 신발의 박스 전자제품의 박스와 비닐이 훼손 및 누락된 경우 등이 해당합니다. 상품 회수 후 검수 단계에서 이러한 문제가 발견되면 고객님께 연락을 드릴 수 있으며 반품이 불가한 상품은 다시 반송해 드립니다. 상품별 반품 세부내용은 상품 상세페이지를 확인해 주시기 바랍니다.
 이와 별도로 상품의 포장이 아닌 택배의 박스나 비닐이 훼손된 경우 배송직원 또는 택배기사가 상품을 회수할 수 있도록 다른 박스에 재포장하여 반품해 주시기 바랍니다.
 반품 신청하기
마이쿠팡 → 주문목록 → 상품선택 → [교환 반품 신청] 
이후 각 단계에 해당하는 항목을 선택하여 신청을 완료합니다.
 교환/반품 제한사항 (클릭)",CANCEL,0
2,Q[교환/반품] 교환/반품이 가능한 기준은 무엇인가요?,"미사용 상품에 한하여 교환/반품이 가능합니다. 상품을 회수한 후 검수 단계에서 문제가 발견될 시 고객님께 연락을 드릴 수 있습니다. '전자상거래 등에서의 소비자보호에 관한 법률'에 의거하여 상품 수령 후 7일 이내 교환/반품을 요청할 수 있습니다. 단 로켓배송 상품의 경우 배송 완료 후 30일 이내 로켓모바일 상품은 주문일 포함 14일 이내로 교환/반품이 가능합니다. 세부내용은 아래를 참고하시기 바랍니다.
 교환/반품 신청하기
마이쿠팡 → 주문목록 → 상품선택 → [교환 반품신청] 
이후 각 단계에 해당하는 항목을 선택하여 신청을 완료합니다.
 교환/반품 가능 기간 (클릭)
 교환/반품 제한사항 (클릭)",CANCEL,0
3,Q[반품비] 반품 비용은 누가 부담하나요?,"귀책사유에 따라 반품 비용의 부담 주체가 다릅니다. 상품 불량/파손/오배송 등 판매자의 귀책인 경우에는 고객에게 교환/반품 비용이 발생하지 않습니다. 그러나 구매자의 단순 변심인 경우에는 고객에게 반품 비용이 부담될 수 있습니다.
 구매자 단순 변심의 경우 (클릭)
 반품 비용 확인 방법 (클릭)",CANCEL,0
4,Q[교환/반품] 교환/반품 신청을 철회하고 싶어요.,"교환/반품할 상품이 아직 회수되지 않았거나 교환 받을 상품이 아직 발송되지 않은 경우라면 마이쿠팡을 통해 직접 철회가 가능합니다.
 교환 철회하기
마이쿠팡 → 취소∙반품∙교환목록 → 상품선택 → [교환취소] 
 반품 철회하기
마이쿠팡 → 취소∙반품∙교환목록 → 상품선택 → [접수취소]",CANCEL,0
5,Q[회수] 반품하려는 상품은 어떻게 포장해야 하고 어떻게 보내야 하나요?,"먼저 마이쿠팡을 통해 직접 반품 신청을 부탁드립니다. 그 다음 반품할 상품을 재포장하여 반품 신청 시 선택한 회수지에 상품을 보관해 주세요. 이후 배송직원 또는 택배기사가 방문하여 반품 상품을 회수해 갑니다. 상품 유형에 따라 회수 일정이 다르니 아래의 세부내용을 참고해 주시기 바랍니다.
 반품 재포장 방법 (더 보기)
 반품 접수 후 회수 일정 안내 (더 보기)
 판매자 배송 상품의 반품 상품을 직접 발송할 경우 (더 보기)
 판매자 정보 확인하기 (더 보기)",CANCEL,0
6,Q[취소] 배송 전 주문을 취소했는데 상품이 배송됐습니다.,"상품 준비 중 상태에서 주문을 취소했고 판매자가 아직 상품을 발송하지 않았다면 배송을 취소할 수 있습니다. 그러나 판매자가 이미 상품을 발송했다면 배송을 취소할 수 없습니다. 이 경우 상품이 배송되었을 때 택배기사에게 수취거부를 말씀해 주시기 바랍니다.
 주문 취소 이후 배송 예정 안내를 받은 경우
택배기사에게 연락을 받으시면 수취거부를 말씀해 주세요.
 주문 취소 이후 수취거부를 요청하지 못해 상품을 수령한 경우
수령한 상품에 대해 회수가 필요하니 쿠팡 고객센터 또는 판매자에게 연락을 부탁드립니다.
 주문 취소 이후 상품을 수령하였으나 그냥 사용하기를 희망하는 경우
수령한 상품에 대해 재결제가 필요하니 쿠팡 고객센터 또는 판매자에게 연락을 부탁드립니다. 
 판매자 정보 확인하기 (클릭)",CANCEL,0
7,Q[취소] 상품을 취소하고 싶어요.,"상품의 주문 취소는 고객님께서 마이쿠팡을 통해 직접 할 수 있습니다. 단 마이쿠팡 주문목록에서 [주문취소] 버튼이 보이지 않는다면 배송상태에 따라 취소가 불가능한 시점이니 이 경우엔 반품으로 진행해 주시기 바랍니다. 주문 취소 및 반품의 조건은 각 상품마다 다르니 자세한 내용은 상품의 상세페이지를 확인해 주세요.  
 주문 취소하기
• 마이쿠팡 → 주문목록 → 상품선택 → [주문취소] 선택
• 이후 각 단계에 해당하는 항목을 선택하여 취소를 완료합니다.
 반품 신청하기
• 마이쿠팡 → 주문목록 → 상품선택 → [교환 반품 신청] 선택
• 이후 각 단계에 해당하는 항목을 선택하여 신청을 완료합니다.",CANCEL,0
8,Q[반품] 마이쿠팡에서 반품접수가 안돼요.,"반품 기간이 경과한 이후에는 마이쿠팡을 통해 교환/반품 접수가 불가합니다. 또한 주문제작 설치배송상품 신선/냉장/냉동 순금 업체직송상품 등의 상품은 출고된 이후 마이쿠팡에서 교환/반품 접수가 불가합니다. 상품에 따라 교환/반품 조건이 다르므로 정확한 내용은 구매한 상품의 상세페이지 내 배송/교환/반품/판매자 안내를 참고하시기 바랍니다. 상품에 문제가 있거나 제공한 내용과 다른 경우에는 고객센터 또는 판매자에게 문의 부탁드립니다.   
 교환/반품 가능 기간 (클릭)
 판매자 정보 확인하기 (클릭)",CANCEL,0
9,Q[취소 철회] 주문취소 신청을 철회(취소)하고 싶어요.,배송 상품은 주문을 취소하면 바로 결제 취소가 적용되어 이후 주문취소를 철회(취소) 할 수 없습니다. 이미 주문취소를 하셨다면 재구매를 부탁드립니다.,CANCEL,0
10,Q[교환/반품] 교환/반품 비용 결제는 어떻게 하나요?,"상품 문제 혹은 배송 지연 등 판매자 사유로 교환/반품을 하는 경우에는 비용이 발생하지 않습니다. 단 구매자의 단순 변심으로 교환/반품을 하는 경우에는 아래와 같이 비용이 발생합니다.
 단순 변심 교환의 경우 (클릭)
 단순 변심 반품의 경우 (클릭)
 판매자 정보 확인하기 (클릭)",CANCEL,0
11,Q[취소] 할인쿠폰을 사용해 주문한 뒤 취소했는데 재발행이 되나요?,"할인쿠폰의 유효기간이 종료되기 전에 주문 취소가 완료되면 쿠폰 원상 복구(재발행)가 가능합니다. 단 유효기간이 종료된 할인쿠폰은 주문 취소가 완료되어도 원상 복구(재발행)가 되지 않습니다. 주문 취소를 신청한 후 취소가 완료되기까지 일정 시간이 소요되며 각 주문마다 소요시간은 다를 수 있습니다. 따라서 주문 취소가 완료되기까지 기다려 주시기 바랍니다.
 유의사항
• 쿠폰은 프로모션 기간 만료 후 주문 취소 시 원상 복구(재발행) 되지 않습니다.
• 쿠폰은 전체 주문 건에 적용되어 일부 상품 취소 시 귀책사유와 무관하게 원상 복구(재발행) 되지 않습니다. 
 할인쿠폰 확인하기
마이쿠팡 → MY혜택 → 할인쿠폰",CANCEL,0
12,Q[회수] 교환/반품 접수 후 상품은 언제 가져가나요?,"접수한 상품의 회수 예정일은 쿠팡 모바일 앱 [마이쿠팡] 메인 화면에서 확인할 수 있습니다. 
 회수 예정일은 각 상품 유형에 따라 다르므로 마이쿠팡에서 직접 확인해 주세요.
 반품 접수 후 회수 일정 안내 (클릭)",CANCEL,0
13,Q[판매자] 상품이 배송 중인데 주문을 취소할 수 있나요?,"이미 배송이 시작된 상품은 마이쿠팡에서 직접 반품신청으로 접수할 수 있습니다. 단 판매자 상품은 배송 시작 이후 최초 배송비를 포함한 왕복 배송비를 차감 후 환불됩니다.
 주문 취소하기
마이쿠팡 → 주문목록 → 상품선택 → [주문취소] 클릭
이후 각 단계에 해당하는 항목을 선택하여 취소를 완료합니다.
 반품하기
마이쿠팡 → 주문목록 → 상품선택 → [교환 반품신청] 클릭
이후 각 단계에 해당하는 항목을 선택하여 신청을 완료합니다.
 • 판매자에게 상품 도착 후 승인 취소가 완료됩니다.
• 반품비용을 제외한 환불 예정금액은 취소접수 화면에서 확인이 가능합니다.
• 반품비는 판매자 및 상품에 따라 상이하며 상황에 따라 별도 입금이 요청될 수 있습니다.
• 도서산간 지역 설치 상품 업체에서 직접 배송하는 상품의 경우 반품비가 추가될 수 있습니다.
• 반품 신청 이후 배송된 상품은 택배기사에게 수취거부를 말씀해 주시기 바랍니다.
• 반품을 접수했지만 배송된 상품은 평일 1~3일 이내 택배기사가 방문하여 회수해 갑니다.
• 신선/냉장/냉동 상품의 경우 재판매가 불가한 상품의 특성상 단순 변심에 의한 반품 신청이 제한됩니다.
• 주문제작 해외 구매대행 신선/냉장/냉동 상품 설치 가전의 경우 마이쿠팡에서 반품 신청이 가능하지 않으므로 판매자에게 문의해 주시기 바랍니다.
• 판매자 정보는 구매한 상품의 상세페이지 내 [배송/교환/반품/판매자 안내]를 선택하여 판매자와 연락처를 확인할 수 있습니다.",CANCEL,0
14,Q[취소] 배송이 늦어 주문을 취소하고 싶어요.,"상품에 따라 배송 일정이 다릅니다. 주문목록에서 배송예정일을 확인할 수 있으며 마이쿠팡에서 직접 주문 취소가 가능합니다. 단 배송상태에 따라 [주문취소]가 불가할 경우 [교환 반품 신청]으로 진행해 주세요.
 주문 취소하기
마이쿠팡 → 주문목록 → 상품선택 → [주문취소] 선택 
이후 각 단계에 해당하는 항목을 선택하여 취소를 완료합니다.
 • 반품비용을 제외한 환불 예정금액은 취소접수 화면에서 확인이 가능합니다.
• 로켓프레시 상품의 경우 배송 시작 후에는 주문 취소가 불가하며 배송 완료 후 반품을 진행하실 수 있습니다.
• 신선/냉장/냉동 상품의 경우 재판매가 불가한 상품의 특성상 단순 변심에 의한 반품 신청이 제한됩니다.
• 판매자 상품의 경우 상품의 배송이 시작된 이후 취소 시에는 반품비가 발생됩니다.
• 마이쿠팡에서 직접 취소하실 수 없는 경우 쿠팡 고객센터(1577-7011)로 연락 주시기 바랍니다.
 주문제작 해외 구매대행 설치 가전의 배송 지연 시에는 판매자에게 문의하시면 빠르고 정확한 안내를 받으실 수 있습니다. 판매자 정보는 구매한 상품의 상세페이지 내 [배송/교환/반품/판매자 안내]를 선택하여 판매자와 연락처를 확인할 수 있습니다.",CANCEL,0
15,Q[교환/반품] 상품 검수 결과에 따라 환불이 불가할 수도 있나요?,"반품된 상품을 검수한 결과가 교환/반품 제한사항에 해당하는 경우에는 환불이 불가능하며 반품된 상품은 고객님께 반환됩니다.
 교환/반품 제한사항 (클릭)",CANCEL,0
16,Q[반품] 무료반품이라고 기재된 상품은 어떻게 반품하나요?,"상품 상세페이지에 [무료반품]이라고 안내된 상품은 단순 변심인 경우에도 반품비용이 발생하지 않습니다. 단 일부 상품의 경우 단순 변심으로 인한 반품이 불가하니 상품의 상세페이지 내 교환/반품 제한사항을 확인해 주시기 바랍니다. 반품은 마이쿠팡을 통해 직접 신청해 주시기 바랍니다. 반품 접수 화면에서 반품비를 제외한 환불 예정금액 확인이 가능합니다.
 반품하기
마이쿠팡 → 주문목록 → 상품선택 → [교환 반품신청] 클릭
이후 각 단계에 해당하는 항목을 선택하여 신청을 완료합니다.
 교환/반품 가능 기간 (클릭)
 교환/반품 제한사항 (클릭)",CANCEL,0
17,Q[취소] 주문한 상품을 취소할 수 있나요? (예외 : 공연 전시 숙박 여행 - 해당 환불규정에 따름),"네 상품 출고 및 제작 전에는 주문 취소가 가능합니다. 단 상품이 출고된 이후에는 반품 후 취소가 가능합니다. 일부 상품 및 조건에 따라 교환/반품(취소)이 불가할 수 있으니 아래의 세부내용을 확인해 주시기 바랍니다.
 미사용 상품에 한하여 교환/반품이 가능합니다. 상품을 회수한 후 검수 단계에서 문제가 발견될 시 고객님께 연락을 드릴 수 있습니다. '전자상거래 등에서의 소비자보호에 관한 법률'에 의거하여 상품 수령 후 7일 이내 교환/반품을 요청할 수 있습니다. 단 로켓배송 상품의 경우 배송 완료 후 30일 이내 로켓모바일 상품은 주문일 포함 14일 이내로 교환/반품이 가능합니다. 세부내용은 아래를 참고하시기 바랍니다.
 교환/반품 가능 기간 (클릭)
 교환/반품 제한사항 (클릭)",CANCEL,0
18,Q[교환/반품] 선물 받은 상품을 교환/반품하고 싶습니다.,선물을 받는 분(수취인)께서 상품을 교환/반품하시려면 쿠팡 고객센터(1577-7011)로 연락 주시기 바랍니다. 선물을 받은 분(수취인)의 휴대폰 번호 또는 운송장 번호를 조회하여 교환/반품을 진행할 수 있습니다.,CANCEL,0
19,Q[취소] 주문목록에서 취소하려는 상품의 취소버튼이 보이지 않아요.,"마이쿠팡에서는 고객님께서 직접 주문취소가 가능한 상태의 상품에만 [취소신청] 버튼이 보입니다. 해당 주문에 [취소신청] 버튼이 보이지 않는다면 이미 배송 준비 중이거나 배송 시작인 상태로 이는 [반품신청]으로 진행해 주셔야 합니다. 
 반품 가능 기간 (클릭)
 판매자 정보 확인하기 (클릭)",CANCEL,0
20,Q[로켓배송] 반품하려는 상품에 '쿠팡 반품'이라고 적으면 빠르게 회수되나요?,"네 쿠팡에서 배송하는 로켓배송 상품은 반품 시 포장 겉면에 [쿠팡 반품]이라고 적어주시면 더욱 정확하게 상품이 회수됩니다. 
 로켓배송 반품 재포장 방법
• 반품하는 로켓배송 상품은 미리 재포장해 주시고 포장 겉면에 [쿠팡 반품]이라고 적어주세요.
• 쿠팡 상자가 아닌 다른 상자로 포장해도 괜찮지만 원활한 회수를 위해 포장 겉면에 [쿠팡 반품]이라고 반드시 적어주세요.
• 반품하는 로켓배송 상품이 여러 개인 경우 하나의 상자에 같이 포장해 주셔도 상품 회수가 가능합니다. (단 판매자 배송 상품과 로켓직구 상품은 구분하여 따로 포장해 주셔야 합니다.)
• DIY(조립) 상품의 경우 조립을 해체한 후 재포장 해주세요. 
 유의사항
• 일반 택배사(예 : 우체국택배 한진택배 등)에서 배송하는 판매자 배송 상품은 반품 시 [판매자 반품]이라고 적어주세요. 그렇지 않고 판매자 배송 상품에도 [쿠팡 반품]이라고 적으면 쿠팡으로 잘못 회수될 수 있습니다. 판매자 배송 상품은 쿠팡이 아닌 판매자에게 회수되어야 하는 점을 유의해 주세요.
• 판매자 배송 상품 구분 방법 : 판매자 배송 상품은 일반 택배사의 운송장이 붙어있고 주문목록 상품 리스트에 로켓 배지가 없습니다.",CANCEL,0
21,Q[로켓직구] 로켓직구의 취소/반품은 어떻게 하나요?,"고객님께서 직접 마이쿠팡 주문목록에서 주문한 상품을 선택한 후 주문취소 또는 반품을 신청할 수 있습니다. 
 주문 취소하기
마이쿠팡 → 주문목록 → 상품선택 → [주문취소] 클릭
이후 각 단계에 해당하는 항목을 선택하여 취소를 완료합니다.
 반품하기 
마이쿠팡 → 주문목록 → 상품선택 → [교환 반품신청] 클릭
이후 각 단계에 해당하는 항목을 선택하여 신청을 완료합니다.
 단 상품이 이미 출고되었다면 상품이 회수된 후에 취소가 완료됩니다. 또한 상품 배송 이후 단순 변심으로 반품할 경우에는 왕복 배송비가 부과됩니다.
 로켓직구 단순 변심 반품 비용 (클릭)",CANCEL,0
22,Q[취소] 여러 상품을 한꺼번에 주문했는데 부분 취소가 가능한가요?,"네 배송상품은 옵션 단위로 티켓상품은 수량 단위로 취소할 수 있습니다. 
 주문 취소하기
마이쿠팡 → 주문목록 → 상품선택 → [주문취소] 클릭
이후 각 단계에 해당하는 항목을 선택하여 취소를 완료합니다.
 • 무통장입금 주문은 입금 전에는 취소가 불가합니다.
• 로켓프레시 상품 중 신선/냉장/냉동상품은 배송 시작 이후에는 주문 취소가 불가합니다.
• 마이쿠팡에서 직접 취소할 수 없는 경우 쿠팡 고객센터(1577-7011)로 연락 주시기 바랍니다.",CANCEL,0
23,Q[판매자 회수] 상품을 반품할 때 제가 이용하는 택배로 보내도 되나요?,"만약 반품 상품을 직접 발송하시고 싶다면 원활한 반품 진행을 위해 판매자와 계약된 택배사를 통해 반송해 주시기 바랍니다. 판매자와 계약하지 않은 다른 택배사를 통해 반송할 경우 추가 배송비(추가 반품비용)가 부과될 수 있습니다. 또한 다른 택배사를 이용하여 이미 상품을 반송했다면 마이쿠팡에서 반품 접수를 할 수 없습니다. 반송장 정보를 확인하여 쿠팡 고객센터에서 반품을 접수해 주세요.
 판매자 정보 확인하기 (클릭)",CANCEL,0
24,Q[취소] 상품 품절로 취소되었어요.,"주문한 상품이 입고지연 상품단종 등의 사유로 품절되면 주문이 취소되고 고객님께 취소 안내문자가 발송됩니다. 이후 결제취소 승인이 완료되면 원결제 수단으로 환불이 진행됩니다.
 로켓배송 상품의 경우 ‘재입고 알림신청’을 하면 상품의 재입고 상태를 빠르게 확인할 수 있습니다.
 재입고 알림 신청하기
마이쿠팡 → 주문목록 → 상품선택 → 상품페이지로 이동하여 [재입고 알림신청] 클릭
 결제수단별 환불 일정 (클릭)",CANCEL,0
25,Q[회수] 회수 일정이 지났는데 반품 상품을 안 가져갔어요.,"먼저 쿠팡 모바일 앱 [마이쿠팡] 메인 화면에 안내된 회수 예정일을 확인해 주세요. 
 이외에도 다음의 경우에 해당하는지 확인 부탁드립니다. 
 • 반품 신청 시 선택한 회수지에 상품을 보관하지 않은 경우
• 반품 상품이 여러 가지인데 구분이 명확하지 않아 택배기사가 인지를 못한 경우
• 택배사에서 회수 연락을 드렸으나 고객이 부재중인 경우
• 택배사의 회수 요청 문자에 답장을 못한 경우
 로켓배송 상품
마이쿠팡에 안내된 회수 예정일에 회수되지 않은 경우 배송직원은 평일 기준 1일 이내 택배기사는 평일 기준 1~2일 이내 회수지에 다시 방문하여 반품 상품을 회수합니다. (일요일 및 공휴일 제외)
 로켓직구 / 판매자 배송 상품
마이쿠팡에 안내된 회수 예정일 및 택배기사가 약속한 회수 예정일에 회수되지 않은 경우 쿠팡 고객센터 또는 해당 택배사로 문의 부탁드립니다.",CANCEL,0
26,Q[사전예약] 사전예약 상품의 교환/반품은 어떻게 하나요?,"일반 로켓배송 상품과 동일하게 마이쿠팡을 통해 직접 교환/반품을 신청해 주시기 바랍니다.
 교환/반품 신청하기
• 마이쿠팡 → 주문목록 → 상품선택 → [교환 반품 신청] 선택
• 이후 각 단계에 해당하는 항목을 선택하여 신청을 완료합니다.",CANCEL,0
27,Q[취소] 주문 취소 내역과 취소 전표는 어디에서 확인하나요?,"주문 취소 내역과 취소 전표는 마이쿠팡을 통해 확인할 수 있습니다.
 취소 내역 및 취소 전표 확인하기
① 마이쿠팡 → [취소/반품/교환/환불내역] 메뉴 선택
② 취소한 상품 확인
③ [취소 상세 보기] 선택
④ [취소 영수증 확인] 선택",CANCEL,0
28,Q[교환/반품] 교환/반품 시 사은품도 반납해야 하나요?,네 사은품이 포함된 상품을 교환/반품할 때에는 사은품도 함께 반납해 주셔야 합니다. 사은품도 같이 회수될 수 있도록 본 상품과 함께 포장하여 회수 장소에 놓아두세요.,CANCEL,0
29,Q[회수] 회수 예정일을 지정할 수 있나요?,"회수 예정일 선택 및 지정 여부는 상품 유형과 접수 경로에 따라 다릅니다. 반품 신청 및 접수 단계에서 회수 예정일을 선택할 수 있는 옵션이 노출되는 경우에만 날짜를 지정할 수 있습니다. 이외에는 회수 예정일을 선택 및 지정할 수 없습니다.
 로켓배송 상품
• 고객센터를 통해 접수할 경우 : 회수 예정일 선택 불가
• 마이쿠팡을 통해 직접 접수할 경우 : 회수 예정일 선택 가능
 ※ 회수 예정일 선택 시 유의사항
－옵션에 노출되는 날짜 이내에만 선택 가능 
－반품 시에만 선택 가능 (교환은 불가)
－도서산간 지역 등 일부 지역은 불가
 로켓직구 판매자 배송 상품
회수 예정일을 선택 및 지정할 수 없습니다.
 반품 접수 후 회수 일정 안내 (클릭)",CANCEL,0
30,Q[주문확인] 주문 내역을 삭제했는데 교환/반품을 어떻게 하나요?,마이쿠팡에서 주문 내역을 삭제했는데 교환/반품을 원하시는 경우 주문자께서 쿠팡 고객센터(1577-7011)로 직접 연락 주시기 바랍니다. 고객센터에서 주문 내역을 확인한 후 처리해 드리도록 하겠습니다.,CANCEL,0
31,Q[선물하기] 선물하기 상품의 주문 취소는 어떻게 해야 하나요?,"선물을 받는 사람(수취인)이 아직 선물을 수락하지 않았다면 일반 상품과 동일하게 마이쿠팡에서 직접 주문을 취소할 수 있습니다. 또는 선물을 받는 사람(수취인)이 선물을 거절하거나 선물 수락 기한까지 수락하지 않는다면 주문은 자동으로 취소됩니다. 그러나 선물을 받는 사람(수취인)이 이미 선물을 수락하여 배송이 시작됐다면 배송 완료 이후에 반품해 주시기 바랍니다. 이 경우 반품 비용이 발생할 수 있습니다. 
 주문 취소하기
마이쿠팡 → 주문목록 → 상품선택 → [주문취소] 클릭
이후 각 단계에 해당하는 항목을 선택하여 취소를 완료합니다.
 반품하기 
마이쿠팡 → 주문목록 → 상품선택 → [교환 반품신청] 클릭
이후 각 단계에 해당하는 항목을 선택하여 신청을 완료합니다.
 만약 주문자가 아닌 선물을 받는 사람(수취인)이 취소를 원하면 수신한 선물메시지에서 [선물 거절하기]를 클릭해 주세요. 그리고 배송 완료 이후 선물을 받은 사람(수취인)이 교환/반품을 신청하려면 쿠팡 고객센터(1577-7011)로 문의해 주시기 바랍니다.",CANCEL,0
32,Q[회수] 교환/반품 회수지를 변경하고 싶습니다.,"교환/반품 신청 후
교환/반품 신청을 완료한 후에는 회수지 변경이 불가합니다. 단 교환/반품이 아직 진행되지 않았다면 먼저 교환/반품 신청을 철회해 주세요. 그다음 교환/반품을 다시 신청하면서 회수지를 변경하면 됩니다.  
 ※ 교환/반품 철회하기
마이쿠팡 → 취소/반품/교환/환불내역 → 상품선택 → [반품 상세] → [반품 철회]
 교환/반품 신청 전
마이쿠팡에서 교환/반품을 신청할 때 상품 회수지를 직접 변경할 수 있습니다.",CANCEL,0
33,Q[반품] 반품한 상품의 회수현황은 어디서 확인할 수 있나요?,"아래의 경로를 통해 반품 회수 현황을 확인할 수 있습니다.
 반품 회수 현황 확인하기
• 마이쿠팡 → 취소/반품/교환/환불내역 → 상품선택 → [반품상세] 
• 단 판매자 배송 상품 등 일부는 모바일 앱에서만 확인이 가능합니다.",CANCEL,0
34,Q[교환] 주문과 다른 상품 또는 불량 상품을 받아 교환하고 싶어요.,"주문과 다른 상품을 받았거나 품질에 문제가 있는 상품이라면 마이쿠팡 또는 판매자 문의를 통해서 쉽고 빠르게 교환 또는 반품을 신청할 수 있습니다. 아래의 경로에서 교환/반품을 신청해 주시기 바랍니다. 
 교환/반품 신청하기
마이쿠팡 → 주문목록 → 상품선택 → [교환 반품신청] 선택
이후 각 단계에 해당하는 항목을 선택하여 신청을 완료합니다.
 판매자 정보 확인하기 (클릭)
 회수/배송/비용 안내 (클릭)
 교환/반품 가능 기간 (클릭)",CANCEL,0
35,Q[교환] 교환 접수를 취소(철회)하고 싶어요.,"마이쿠팡을 통해 직접 교환 접수를 철회할 수 있습니다.
 교환 철회하기
마이쿠팡 → 취소∙반품∙교환목록 → 상품선택 → [교환취소] 
 단 이미 교환 절차가 진행되어 마이쿠팡에서 교환접수의 취소가 불가한 경우 판매자에게 문의하여 철회 가능 여부를 확인해 주시기 바랍니다.",CANCEL,0
36,Q[판매자] 판매자 정보는 어디서 확인하나요?,"[상품 상세페이지] 내 [배송/교환/반품/판매자 안내]에서 판매자 정보와 연락처를 확인할 수 있습니다.
 로켓배송 로켓프레시 로켓직구 로켓모바일 상품은 쿠팡이 판매자이므로 문의사항이 있는 경우 쿠팡 고객센터(1577-7011)로 연락 주시기 바랍니다. 
 판매자 배송 상품은 각 판매자가 다르며 문의사항이 있는 경우 아래의 경로를 통해서도 각 판매자에게 직접 문의할 수 있습니다. 판매자 배송 상품일 경우에만 마이쿠팡 주문목록에서 [판매자 문의] 메뉴가 노출됩니다. 
 • 마이쿠팡 → 주문목록 → 상품선택 → [‘판매자명’에 문의하기]
 ※ 교환/반품 신청은 마이쿠팡을 통해 고객님께서도 직접 할 수 있습니다.
 교환/반품 신청하기
마이쿠팡 → 주문목록 → 상품선택 → [교환 반품신청] 
이후 각 단계에 해당하는 항목을 선택하여 신청을 완료합니다.",CANCEL,0
37,Q[교환] 교환 접수 후 회수와 새 상품 배송은 어떻게 진행되나요?,"교환을 접수하면 해당 상품을 회수한 후 새 상품이 배송됩니다. 로켓배송의 경우 간혹 회수보다 새 상품이 먼저 배송되는 경우도 있으나 이후 교환 접수한 상품을 회수해가니 안심하시고 기다려 주시기 바랍니다. 또한 상품의 유형에 따라 회수 및 새 상품 배송 기간은 각기 다릅니다. 아래의 경로를 통해 본인 상품의 교환 현황을 확인해 주시기 바랍니다. 
 교환 현황 확인하기 
마이쿠팡 → 취소∙반품∙교환목록 → 상품선택 → [교환상세보기]
이후 진행 상황에 따라 [회수 조회] 또는 [교환 배송조회] 선택
 ※ 만약 마이쿠팡에 안내된 회수 예정일 및 택배기사가 약속한 회수 예정일에 상품이 회수되지 않거나 장기간 상품이 회수되지 않는 경우엔 쿠팡 고객센터 또는 해당 택배사로 문의해 주시기 바랍니다.
 교환 시 회수/배송 예상 기간 (클릭)",CANCEL,0
38,Q[교환] 교환을 위해 상품을 반송했는데 새 상품이 오지 않아요.,"반송한 상품이 판매자에게 도착한 후 새 상품이 발송됩니다. 반송한 상품이 판매자에게 도착하지 않은 경우에는 교환이 지연될 수 있습니다. 아래의 경로를 통해 회수 현황을 확인해 주시기 바랍니다.
 회수 현황 확인하기
• 마이쿠팡 → 취소/반품/교환/환불내역 → 상품선택 → [반품상세] 
• 단 판매자 배송 상품 등 일부는 모바일 앱에서만 확인이 가능합니다.",CANCEL,0
39,Q[배송지] 교환 신청 시 새 상품을 받을 배송지를 변경할 수 있나요?,네 마이쿠팡에서 교환 신청 시 회수지와 배송지 주소를 다르게 정할 수 있습니다.,CANCEL,0
40,Q[교환] 교환 신청을 했는데 상품이 품절됐다고 합니다.,교환 신청 후 해당 상품의 품절로 인해 교환이 불가할 때에는 회수된 상품을 반품한 뒤 환불해 드립니다.,CANCEL,0
41,Q[반품비] 무료배송 상품의 반품 비용은 어떻게 되나요?,"상품에 하자가 있거나 쿠팡에서 제공한 정보와 다른 경우에는 무료 반품이 가능합니다. 그러나 고객의 단순 변심에 의한 반품인 경우에는 왕복 배송비를 포함한 반품 비용이 부과됩니다.
 단순 변심 반품 비용 (클릭)
 반품 비용 확인 방법 (클릭)",CANCEL,0
42,Q[취소] 주문을 부분 취소하면 배송비가 부과되나요?,"상품의 배송 조건과 금액에 따라 다릅니다. 무료배송의 조건이 있는 상품을 구매한 후 부분 취소를 할 경우 남아있는 상품의 금액이 무료배송 조건에 충족하는지 확인하게 됩니다. 만약 남아있는 상품의 금액이 무료배송 조건을 충족하지 못한다면 배송비가 부과됩니다. 
 이때 부분 취소한 상품의 금액이 배송비보다 크면 취소한 상품 금액에서 배송비를 차감한 후 환불됩니다. 그러나 만약 부분 취소한 상품의 금액이 배송비보다 작으면 배송비를 입금한 후 부분 취소한 상품 금액의 전부가 환불됩니다. 배송비 입금 방법은 쿠팡 고객센터(1577-7011)로 문의해 주시기 바랍니다.
 예시 살펴보기 (클릭)",CANCEL,0
43,Q[반품] 반품은 어느 택배사를 이용하나요?,"로켓배송이 아닌 판매자 배송 상품은 각 판매자에 따라 택배사가 다릅니다. 따라서 판매자 배송 상품의 반품은 보통 판매자와 계약된 택배사를 통해 진행됩니다. 마이쿠팡을 통해 반품을 신청할 경우 일반적으로 평일 기준 1~3일 이내에 판매자와 계약된 택배사에서 회수를 진행합니다. 판매자와 계약하지 않은 다른 택배사를 통해 반송할 경우 추가 배송비(추가 반품비용)가 부과될 수 있습니다.
 상품의 택배사는 마이쿠팡 주문목록 및 상품 상세페이지 내 배송/교환/반품/판매자 안내에서 확인이 가능합니다. 판매자배송 상품의 정확한 택배사 확인 및 배송/회수 일정 확인은 판매자 또는 택배사 고객센터로 문의해 주시기 바랍니다.
 판매자 정보 확인하기 (클릭)
 택배사 확인하기 (클릭)",CANCEL,0
44,Q[취소] 신용카드로 결제한 주문을 취소했는데 카드대금이 청구되었습니다.,신용카드로 결제한 주문을 취소하면 신용카드 승인 취소도 자동으로 진행됩니다. 그런데 만약 취소한 주문에 대해 카드대금 청구를 받으셨다면 이는 주문이 취소되기 전에 카드사에서 이미 청구서를 작성했기 때문입니다. 이 경우 청구된 카드대금이 취소되기까지는 특정 시간이 소요되며 이는 각 카드사마다 다릅니다. 매입된 카드 승인의 취소는 카드사와 결제대행사의 확인 절차를 거치는 관계로 보통 주문취소 후 평일 기준 3~7일 정도가 소요됩니다. (주말 및 공휴일 제외) 보다 자세한 환불 방법과 환불 일자를 확인하고 싶으시다면 해당 카드사로 직접 문의해 주시기 바랍니다.,CANCEL,0
45,Q[환불] 반품 신청을 했는데 언제 환불되나요?,"환불 예정일 확인하기
마이쿠팡 → 취소/반품/교환/환불내역
※ 단 회수가 완료된 이후부터 확인 가능
 반품 후 환불까지의 소요시간은 판매자와 결제수단에 따라 다릅니다. 배송직원 혹은 택배기사가 회수한 반품 상품은 평일 기준 약 1~2일 이내에 판매자에게 도착합니다. 상품을 검수한 뒤 이상이 없다면 구매내역을 즉시 취소하여 문자로 안내합니다. 환불 일정은 결제수단별로 다르니 아래의 내용을 참고하시기 바랍니다.
 결제수단별 환불 일정 (더 보기)
 환불계좌 등록하기 (더 보기)",REFUND,0
46,Q[환불] 주문을 취소했는데 언제 환불되나요?,"주문 취소 후 환불 예정일 확인하기
마이쿠팡 → 취소/반품/교환/환불내역 
 주문의 취소 처리가 완료된 후에 결제금액 환불이 진행됩니다. 결제수단별 환불 소요시간이 각기 다르니 아래의 세부내용을 참고 부탁드립니다. 
 결제수단별 환불 일정 (더 보기)
 환불계좌 등록하기 (더 보기)",REFUND,0
47,Q[환불] 휴대폰결제 후 취소했는데 언제 환불되나요?,"휴대폰결제 후 주문을 취소하면 환불은 [취소완료] 문자 수신 후 평일(영업일) 기준 2일 이내에 한도가 복구됩니다. 단 다음의 경우에는 별도로 환불이 진행될 수 있습니다. 
 별도 환불이 진행되는 경우 (클릭)
 환불계좌 등록하기 (클릭)",REFUND,0
48,Q[환불계좌] 환불계좌를 등록/변경하고 싶어요.,"마이쿠팡에서 직접 등록/변경이 가능합니다. 환불계좌는 본인이 예금주인 계좌만 등록할 수 있습니다. 단 반품 진행상태가 [환불진행중] 또는 [환불완료]인 상태에서는 환불계좌를 변경할 수 없습니다. 환불계좌 변경이 불가할 경우에는 반품 진행상태를 확인해 주세요.
 환불계좌 등록/변경하기
마이쿠팡 → 취소/반품/교환/환불내역 → 무통장환불 → [입력하기] 또는 [계좌변경]",REFUND,0
49,Q[환불] 다른 사람 명의의 계좌로 환불받을 수 있나요?,아니요. 고객님 본인 명의의 계좌로만 환불을 받을 수 있습니다.,REFUND,0
50,Q[무통장 입금] 무통장입금 후 주문을 취소했는데 언제 환불되나요?,"환불은 주문 취소가 완전히 처리된 ‘취소완료’ 단계 이후에 진행됩니다. 무통장입금(가상계좌)을 한 후 주문을 취소하면 등록된 환불계좌를 통해 평일 기준 2~3일 이내에 현금으로 환불됩니다. 따라서 원활한 환불 진행을 위해 본인의 환불계좌를 등록해 주시기 바랍니다.
 ※ 단 환불계좌가 등록되어 있지 않은 경우 아래와 같이 환불이 진행될 수 있습니다. (유효하지 않은 계좌 포함)
 • 쿠페이 회원인 경우 : 쿠페이 머니로 환불
 • 쿠페이 회원이 아닌 경우 : 
  ① 회원 본인 명의로 환불 계좌 등록이 필요하며 이후 해당 계좌에 현금으로 환불
  ② (환불 요청 후) 환불계좌를 등록하지 않고 쿠페이 회원 가입 시에는 쿠페이 머니로 환불
 환불계좌 등록/변경하기
마이쿠팡 → 취소/반품/교환/환불내역 → 무통장환불 → [입력하기] 또는 [계좌변경]
 무통장입금 환불 진행 상태 안내 (클릭)",REFUND,0
51,Q[환불] 쿠팡캐시로 결제 후 주문을 취소했는데 언제 환불되나요?,"쿠팡캐시로 주문한 상품을 취소/반품한 경우 취소완료 당일에 주문한 아이디로 쿠팡캐시가 환불됩니다. 단 쿠팡캐시와 다른 결제수단을 함께 복합결제한 경우 다른 결제수단의 취소가 완료된 당일에 환불됩니다.
 쿠팡캐시 확인하기 (클릭)",REFUND,0
52,Q[환불] 신용카드로 결제했는데 다른 방법으로 환불받을 수 있나요?,아니요. 신용카드로 결제한 주문을 취소할 경우 환불은 해당 신용카드의 승인 취소로 처리됩니다. 현금 및 쿠팡캐시 등 다른 방법으로는 환불되지 않습니다.,REFUND,0
53,Q[영수증] 현금영수증 또는 신용카드 매출전표는 어떻게 받나요?,"상품을 구매하면 영수증/매출전표는 자동으로 발급됩니다. 단 PC 웹사이트에서는 개별 확인 일괄 확인 출력까지 모두 가능하나 모바일에서는 각 주문 개별로만 확인할 수 있습니다.
 • 대금 결제 후 (대금 송금 후) 24시간 이후부터 영수증 조회 및 출력이 가능합니다.
• 직구 상품은 판매자가 해외에 사업장을 가지고 있어 해외의 법을 적용받아 현금영수증을 발행하지 않습니다.
 영수증 확인 및 출력하기 (클릭)
 이미지로 확인하기 (클릭)
 현금영수증 신청하기 (클릭)
 현금영수증 소득공제 혜택을 위한 정보 (클릭)",ORDER,0
54,Q[현금영수증] 현금영수증을 신청하지 못했는데 어떻게 해야 하나요?,"쿠팡은 국세청이 지정한 코드(010-000-1234)로 고객님의 현금영수증을 자진 발급하고 있습니다. 현금영수증 자진 발급 건에 대해 현금영수증 신청을 원하실 경우 결제일 다음 날부터 국세청 홈페이지에서 직접 현금영수증을 발행 받을 수 있습니다. 단 직구 상품은 판매자가 해외에 사업장을 가지고 있어 해외의 법을 적용받아 현금영수증을 발행하지 않습니다.
 자진발급분 등록 방법 (클릭)",ORDER,0
55,Q[쿠페이] 쿠페이 현금영수증을 다시 설정하려면 어떻게 하나요?,"쿠페이에 등록된 현금영수증 설정은 아래 경로를 통해 고객님께서 직접 변경하실 수 있습니다.
 현금영수증 설정 변경하기
마이쿠팡 → 결제수단∙쿠페이 → [현금영수증 설정] 선택 후 정보 변경",ORDER,0
56,Q[쿠팡 와우카드] 쿠팡 와우카드 연회비는 얼마인가요?,"쿠팡 와우카드의 연회비는 2만원입니다.
 단 일부 고객은 KB국민카드 정책에 따라 연회비 금액이 다르게 적용될 수 있습니다.
 쿠팡 와우카드 전담센터(쿠팡페이 고객센터) : ☎1670-9892 (365일 24시간 운영)",ORDER,0
57,Q[신용카드] 카드 즉시할인은 어떻게 확인할 수 있나요?,"각 카드사에서 제공하는 즉시할인은 프로모션 혜택 페이지와 상품 페이지 그리고 주문/결제 페이지에서 확인할 수 있습니다. 카드 즉시할인이 적용되면 결제 전 주문/결제 페이지의 최종 결제금액에서 [카드 즉시할인(OO카드) -0000원] 문구가 노출됩니다. 
 유의사항
• 카드 즉시할인은 쿠팡 모바일 앱과 PC 웹사이트에서만 적용됩니다. (모바일 웹은 적용 불가)
• 법인 기프트 선불 체크카드는 즉시할인 혜택에서 제외됩니다. (단 일부 체크카드는 적용되는 경우 있음)
• 카드 즉시할인은 카드사 및 당사 사정으로 기간 내 예고 없이 조기종료/재개/할인율이 변경될 수 있습니다.
• 행사 제품마다 선착순 할인으로 제공되며 순차 완료(마감) 되면 할인 혜택이 적용되지 않을 수 있습니다.
• 선착순 제공 기준은 상품별/카드사별로 다를 수 있습니다.
• 즉시할인 결제 시에는 쿠팡캐시를 사용한 결제는 불가합니다.
• '할인율 및 적용대상' 상품은 실시간으로 변동될 수 있습니다. 
• 카드 즉시할인 혜택은 각 카드별 1일 1회만 적용됩니다.
• 카드 즉시할인 혜택이 적용된 주문을 취소해도 해당 혜택이 반드시 복구되는 것은 아닙니다. (재주문 시점에 프로모션이 이미 종료된 경우 등)",ORDER,0
58,Q[신용카드] 신용카드 무이자 할부가 가능한가요?,일반 신용카드 및 쿠페이에 등록한 신용카드로 5만원 이상 결제 시 할부가 가능합니다. 단 무이자 할부 가능 여부는 주문서 페이지에서 할부 개월을 선택하면 확인할 수 있습니다. 결제를 할 때에도 카드 설정 칸 아래에 [무이자 할부 및 할인 혜택]에서 각 카드사별 무이자 할부 혜택을 확인할 수 있습니다. 무이자 할부 혜택은 매월 새롭게 변경되고 카드사별로 무이자 할부 기준이 다르기에 보다 자세한 내용은 이용하시는 카드사로 문의해 주시기 바랍니다.,ORDER,0
59,Q[세금계산서] 세금계산서를 발급받고 싶어요,"2015년 7월 16일 이후 결제된 주문 건은 영수증/매출전표가 자동으로 발급됩니다. 신용카드 매출전표와 현금영수증이 발행되므로 '부가가치세법 제33조(세금계산서 발급의무의 면제 등)'에 의거하여 쿠팡에서는 별도로 세금계산서를 발행하지 않습니다.
 • 영수증/매출전표 출력과 거래명세서 확인은 PC 웹사이트에서만 가능합니다. (모바일 앱과 모바일 웹에서는 불가)
• 대금 결제 후 (대금 송금 후) 24시간 이후부터 영수증 조회 및 출력이 가능합니다.
• 직구 상품은 판매자가 해외에 사업장을 가지고 있어 해외의 법을 적용받아 현금영수증을 발행하지 않습니다.
 영수증 확인 및 출력하기 (클릭)",ORDER,0
60,Q[쿠페이] 쿠팡 쿠페이(Coupay)란 무엇인가요?,"쿠페이(Coupay)란 쿠팡이 제공하는 쉽고 빠르고 안전한 간편 결제 서비스입니다. 아래의 경로를 통해 은행계좌 또는 신용/체크카드 정보를 최초 1회만 등록해 주세요. 번거로운 공인인증서나 보안카드/OTP 기기 대신 고객님께서 설정한 비밀번호를 사용하여 쉽고 빠른 결제가 가능합니다. 또는 쿠페이 머니 전용 충전 계좌를 발급받은 후 금액을 미리 충전(이체) 하여 사용하실 수도 있습니다.
 쿠페이 등록하기
마이쿠팡 → 결제수단∙쿠페이 → 결제수단 → 결제수단 등록",ORDER,0
61,Q[결제수단] 이미 주문했는데 결제 수단을 변경할 수 있나요?,"아니요. 상품을 주문/결제한 후에는 결제 수단 변경이 불가합니다. 상품이 아직 배송 전이라면 주문목록에서 주문을 취소한 후 원하는 결제 수단으로 다시 주문/결제해 주시기 바랍니다. 상품이 이미 배송을 시작했다면 배송 완료 후 반품을 접수해 주시기 바랍니다. 단 상품 배송 이후 단순 변심으로 반품할 경우 왕복 배송비가 부과될 수 있습니다.
 주문 취소하기
마이쿠팡 → 주문목록 → 상품선택 → [주문취소] 
이후 각 단계에 해당하는 항목을 선택하여 취소를 완료합니다.
 쿠페이 결제수단 관리하기
마이쿠팡 → 결제수단∙쿠페이 → [결제수단 관리] 
이후 원하는 결제수단을 등록 및 삭제합니다.
 단순 변심 반품 비용 (클릭)",ORDER,0
62,Q[쿠팡 와우카드] 쿠팡 와우카드란 무엇인가요?,"쿠팡 와우카드는 전월 실적과 관계없이 쿠팡캐시 혜택을 제공하는 신용카드입니다.
 만 19세 이상의 와우 멤버십 회원이라면 쿠팡 모바일 앱 내의 와우카드 신청 페이지에 접속하여 비대면 방식으로 카드 발급을 간편하게 신청할 수 있으며 카드 발급 심사 및 발급은 KB국민카드에서 진행합니다.
 쿠팡 와우카드 발급은 쿠팡 모바일 앱에서 노출되는 배너를 통해 신청할 수 있습니다. (PC와 모바일 웹사이트에서는 신청 불가)
 쿠팡 와우카드 신청 경로 (모바일 앱에서만 가능)
• 쿠팡 모바일 앱 : 마이쿠팡 → 결제수단∙쿠페이 → [와우카드] 신청 배너 선택
• 쿠팡 모바일 앱 : 마이쿠팡 → 쿠팡캐시∙기프트카드∙제휴포인트 → [와우카드] 신청 배너 선택
 이외에도 신청 배너는 쿠팡 모바일 내 여러 위치에 노출될 수 있으며 배너의 노출 위치는 고객마다 다를 수 있습니다. (노출 위치 : 마이쿠팡 / 상품 검색 페이지 / 상품 페이지 / 주문(구매) 완료 페이지)
 KB국민카드 와우카드 전용 상담센터) : ☎1644-6676 
일반 문의(카드 배송/해지 및 대금 청구/이용 한도 등 금융서비스 상담 등)
 쿠팡 와우카드 전담센터(쿠팡페이 고객센터) : ☎1670-9892 (365일 24시간 운영)",ORDER,0
63,Q[쿠팡 와우카드] 기본결제수단으로 설정되었다는 게 어떤 뜻인가요?,"쿠팡 와우카드 발급 완료 시 쿠페이에 카드가 자동 등록되며 쿠팡 쿠팡이츠 쿠팡플레이에서 결제 시 쿠팡 와우카드가 기본 결제수단으로 설정됩니다. (단 와우 멤버십 월회비 대표 결제수단은 와우카드 신청 단계에서 설정에 동의한 고객에 한 해 설정됩니다.)
 쿠페이 기본 결제수단 변경을 원하시는 경우 상품 주문 시 [주문/결제 → 결제수단 → 결제수단 선택 후 → 기본 결제수단으로 사용 체크박스에 체크]하시면 다음 결제부터 해당 결제수단이 기본 결제수단으로 설정됩니다. 
 쿠팡 와우카드 전담센터(쿠팡페이 고객센터) : ☎1670-9892 (365일 24시간 운영)",ORDER,0
64,Q[쿠팡 와우카드] 쿠팡 와우카드는 어떻게 발급받나요?,"쿠팡 와우카드 발급은 쿠팡 모바일 앱에서 노출되는 배너를 통해 신청할 수 있습니다. (PC와 모바일 웹사이트에서는 신청 불가)
 쿠팡 와우카드 신청 경로 (모바일 앱에서만 가능)
• 쿠팡 모바일 앱 : 마이쿠팡 → 결제수단∙쿠페이 → [와우카드] 신청 배너 선택
• 쿠팡 모바일 앱 : 마이쿠팡 → 쿠팡캐시∙기프트카드∙제휴포인트 → [와우카드] 신청 배너 선택
 이외에도 신청 배너는 쿠팡 모바일 내 여러 위치에 노출될 수 있으며 배너의 노출 위치는 고객마다 다를 수 있습니다. (노출 위치 : 마이쿠팡 / 상품 검색 페이지 / 상품 페이지 / 주문(구매) 완료 페이지) 
 쿠팡 와우카드 전담센터(쿠팡페이 고객센터) : ☎1670-9892 (365일 24시간 운영)",ORDER,0
65,Q[쿠팡 와우카드] 쿠팡 와우카드 발급 조건은 무엇인가요?,"쿠팡 와우카드를 발급받기 위해서는 와우 멤버십 회원이어야 합니다.
 와우 멤버십 가입은 쿠팡 모바일 앱과 PC 웹사이트에서 모두 가능합니다.
 와우 멤버십 가입하기
마이쿠팡 → MY쇼핑 → 와우멤버십 → 가입하기
 쿠팡 와우카드 전담센터(쿠팡페이 고객센터) : ☎1670-9892 (365일 24시간 운영)",ORDER,0
66,Q[쿠팡 와우카드] 쿠팡 와우카드 신청 후 실물 카드는 언제 받을 수 있나요?,"쿠팡 와우카드는 신청(심사) 완료 후 평일 기준 7일 이내 발송됩니다. 
 단 카드사 사정에 따라 발송 일정 다를 수 있으며 배송 관련 문의는 KB국민카드 와우카드 전용 상담센터로 연락하여 확인해 주세요.
 KB국민카드 와우카드 전용 상담센터 : ☎1644-6676 
일반 문의(카드 배송/해지 및 대금 청구/이용 한도 등 금융서비스 상담 등)
 쿠팡 와우카드 전담센터(쿠팡페이 고객센터) : ☎1670-9892 (365일 24시간 운영)",ORDER,0
67,Q[쿠팡 와우카드] 쿠팡 계정이 여러 개인 경우 모든 계정에 쿠팡 와우카드를 등록하여 사용할 수 있나요?,"비즈 계정을 포함한 쿠팡 계정이 여러 개라도 모두 쿠팡 와우카드를 쿠페이에 등록하여 결제수단으로 사용할 수 있습니다. 단 쿠팡 와우카드 결제로 인한 쿠팡캐시 적립은 쿠팡 와우카드를 처음 등록한 계정에만 적립됩니다.
 쿠팡 와우카드 전담센터(쿠팡페이 고객센터) : ☎1670-9892 (365일 24시간 운영)",ORDER,0
68,Q[쿠팡 와우카드] 와우카드 신청 중 신분증 인증이 실패라고 나와요.,"쿠팡에서 처음 실명인증 후 개인정보를 변경하셨다면(개명 주민등록번호 변경 통신사 변경 등) 본인인증을 다시 진행하여 회원정보를 수정해 주세요. 이후 다시 와우카드를 신청해 주시기 바랍니다
 회원정보 수정하기 (본인인증 다시 하기)
마이쿠팡 → MY정보 → 개인정보확인/수정 → 비밀번호 입력
이후 [개명하셨다면? 이름변경]을 선택한 후 본인명의 휴대폰으로 인증합니다.
 위 사항을 진행한 후에도 계속 신분증 인증에 실패할 경우 쿠팡 와우카드 전담센터로 연락해 주시면 실명인증 초기화 진행이 가능합니다. 
 쿠팡 와우카드 전담센터(쿠팡페이 고객센터) : ☎1670-9892 (365일 24시간 운영)",ORDER,0
69,Q[쿠팡 와우카드] 쿠팡 와우카드는 신청하고 바로 사용할 수 있나요?,"네 쿠팡 와우카드는 신청 후 바로 사용이 가능합니다. 신청/발급 단계에서 '지금 바로 사용하기' 옵션을 선택하여 계좌 1원 인증을 진행하면 쿠페이 결제수단으로 자동 등록되어 바로 사용할 수 있습니다.
 또한 ‘카드 배송 후 사용하기’ 옵션을 선택하더라도 카드를 바로 사용할 수 있도록 계좌 1원 인증을 할 수 있는 링크가 안내 앱 푸시로 발송됩니다. 이를 통해 인증 후 쿠페이 결제수단으로 등록하고 바로 사용이 가능합니다.
 단 일부 고객은 실물 카드를 본인이 수령한 후에 쿠페이 결제수단으로 자동 등록이 가능하며 자동 등록이 되지 않는 사유는 KB국민카드를 통해 확인이 가능합니다.
 모바일 알림(앱 푸시) 설정여부 확인하기 (모바일에서만 가능)
쿠팡 모바일 앱 : 마이쿠팡 → '내이름' 선택 → 푸시설정
※ 푸시 알림을 받으려면 고객님의 모바일 기기에서도 알림을 허용해 주세요.
 쿠팡 와우카드 전담센터(쿠팡페이 고객센터) : ☎1670-9892 (365일 24시간 운영)",ORDER,0
70,Q[결제수단] 법인카드로 결제할 수 있나요?,"네 법인카드는 개인 명의 또는 법인 명의에 따라 아래와 같이 결제할 수 있습니다.
 개인 명의 법인카드 (고객 본인 명의 기명식) 
일반 결제는 물론 쿠팡의 간편 결제 서비스인 [쿠페이]에 등록해서도 결제할 수 있습니다.
 법인 명의 법인카드 
PC 웹사이트에서 [사업자 범용 공인인증서]로 인증한 후에 결제할 수 있습니다. 단 쿠페이 등록 및 앱 카드 결제는 불가합니다.
 ※ 법인카드는 할부 결제가 불가합니다.",ORDER,0
71,Q[쿠팡 와우카드] 카드를 취소(해지)하려면 어떻게 해야 하나요?,"쿠팡 와우카드 해지 신청 및 관련 상담(연회비 환급 기준 등)은 KB국민카드 와우카드 전용 상담센터로 연락해 주시기 바랍니다.
 KB국민카드 와우카드 전용 상담센터 : ☎1644-6676 
일반 문의(카드 배송/해지 및 대금 청구/이용 한도 등 금융서비스 상담 등)
 ※ 쿠팡 와우카드 결제로 이미 적립된 쿠팡캐시는 카드를 해지하여도 기존과 동일하게 쿠팡캐시 유효기간(적립일부터 5년) 만료 시 소멸됩니다.
 쿠팡 와우카드 전담센터(쿠팡페이 고객센터) : ☎1670-9892 (365일 24시간 운영)",ORDER,0
72,Q[로켓배송] 재입고 알림은 어떻게 신청하나요?,품절 상태인 상품의 상품 페이지 내 [재입고 알림신청] 버튼을 클릭하면 신청이 완료됩니다. 이후 상품의 재고가 확보되면 앱 알림을 받을 수 있습니다.,ORDER,0
73,Q[쿠페이] 법인 계좌도 등록이 가능한가요?,아니요. 쿠페이에는 법인 계좌를 사용할 수 없습니다. 본인 명의의 개인 계좌를 등록하여 사용해 주시기 바랍니다.,ORDER,0
74,Q[쿠페이] 쿠페이 이용을 해지하고 싶어요.,"쿠페이 해지는 PC 웹사이트에서만 가능합니다. (모바일 앱에서는 불가) PC로 쿠팡 웹사이트에 접속한 후 아래의 경로를 통해 직접 쉽고 빠르게 해지할 수 있습니다.
 쿠페이 해지하기 (PC 웹사이트)
마이쿠팡 → 결제수단∙쿠페이 관리 → [쿠페이 이용해지] 클릭
 단 쿠페이 해지 후에는 일반 결제수단을 이용해야 하며 결제 시 관련 프로그램 설치 및 공인인증서 보안카드 OTP 기기가 필요할 수 있습니다.",ORDER,0
75,Q[쿠페이 계좌이체] 계좌 인증은 어떻게 하나요?,"계좌 인증은 다음의 방법으로 진행됩니다. 
 쿠페이 계좌 인증 절차
① 등록할 은행과 계좌번호 입력
② 필수 약관 확인 후 동의하기
③ 본인 계좌로 입금된 1원의 입금자명 확인하여 입력하기
④ ARS 인증 완료하기
※ 쿠페이 계좌가 정상적으로 등록되면 안내 알림을 수신할 수 있습니다.",ORDER,0
76,Q[할인쿠폰] 할인쿠폰은 어떻게 사용하나요?,할인쿠폰은 주문/결제 페이지에서 적용 가능한 할인쿠폰을 확인 후 사용할 수 있습니다. 할인쿠폰의 사용 조건은 각 쿠폰마다 상이합니다. [마이쿠팡 → 할인쿠폰] 메뉴에서 보유한 할인쿠폰 내역과 사용 조건을 확인할 수 있습니다.,ORDER,0
77,Q[결제수단] 쿠팡에서 사용할 수 있는 결제수단에는 어떤 것들이 있나요?,"쿠팡에서 사용할 수 있는 결제수단에는 신용/체크카드 계좌이체 휴대폰 무통장입금 쿠페이머니 쿠팡캐시가 있습니다.
 쿠페이 (Coupay)
쿠팡이 제공하는 쉽고 빠르고 안전한 결제 서비스입니다. 쿠페이에 은행 계좌 또는 카드 정보를 미리 등록하여 번거로운 공인인증서나 보안카드/OTP 기기 대신 고객님께서 설정한 비밀번호로 쉽고 빠르게 결제를 완료할 수 있습니다. 쿠페이에 등록된 계좌로 쿠페이 머니를 즉시 충전하거나 전용 충전 계좌를 발급받은 후 원하는 금액을 미리 충전하여 사용할 수 있습니다. 쿠페이 머니로 결제 시에는 결제 금액의 일정 부분을 쿠팡캐시로 적립해 드립니다.
 신용/체크카드
① 인터넷 안전결제(ISP) : 비씨 국민 우리카드 등으로 결제 시 카드번호를 입력하지 않고 카드사에서 제공하는 화면에서 안전결제(ISP) 비밀번호로만 결제하는 서비스입니다. (30만원 이상 결제 시 공인인증서 필요)
② 안심클릭 : 안전결제(ISP) 카드를 제외한 신한 삼성 현대카드 등으로 각 카드사의 안심클릭 페이지가 나타나면 안심클릭 별도의 비밀번호 또는 공인인증서를 통해 결제하는 서비스입니다. (30만원 이상 결제 시 공인인증서 필요)
 무통장 입금 (가상계좌)
쿠팡에서 발급하는 일회성 가상계좌로 결제금액을 입금하여 결제하는 방법입니다. 주문당 1개의 일회성 가상 계좌가 발급되며 주문금액과 동일한 금액으로만 입금할 수 있습니다.
 휴대폰 소액결제
정해진 휴대폰 소액결제 한도 내에서 본인인증 후 결제하는 방식으로 결제금액은 결제 월 다음 달에 휴대폰 요금에 합산되어 청구됩니다. 휴대폰 결제에 대한 한도는 개개인에 따라 다릅니다.
 쿠팡캐시 
상품 구매 시 현금처럼 사용할 수 있는 사이버 머니로 1 쿠팡캐시부터 사용할 수 있습니다. 신용카드 등의 다른 결제수단과도 함께 사용할 수 있습니다. (단 정기배송 구매 시에는 사용이 불가합니다.)",ORDER,0
78,Q[나중결제] 나중결제가 무엇인가요?,결제수단을 [나중결제]로 선택하여 결제하는 경우 다음 달 청구일(15일 / 단 15일이 주말 및 공휴일인 경우 다음 영업일)에 결제금액을 합산하여 지정된 출금계좌에서 결제금액이 자동이체 되는 방식의 결제 수단입니다. 지정된 출금계좌에서 결제되지 않을 경우 등록된 다른 결제 수단으로 결제될 수 있습니다.,ORDER,0
79,Q[나중결제] 나중결제를 가입하고 싶어요.,"나중결제 서비스는 현재 단계적으로 적용하고 있으며 이용 가능 대상자들을 점진적으로 확대하고 있습니다. 서비스 가입 가능 여부 및 이용 가능 금액 확인은 쿠팡 모바일 앱에서만 가능합니다. (PC 웹사이트에서는 확인 불가)
 나중결제 이용 가능 여부 확인하기
• 모바일 앱 [마이쿠팡 → 결제수단∙쿠페이 → 나중결제] 배너
• 위 경로에서 [나중결제] 배너가 보이지 않는다면 현재 나중결제 이용이 어려운 점 양해 부탁드립니다.",ORDER,0
80,Q[나중결제] 이용가능금액(이용한도)는 어디에서 확인할 수 있나요?,"모바일 앱 [마이쿠팡 → 결제수단∙쿠페이 → 나중결제 → 이용가능금액]에서 확인할 수 있습니다. (PC 웹사이트에서는 확인 불가) 
 단 해당 페이지에서 [나중결제] 배너가 보이지 않는다면 현재 나중결제 이용 대상이 아닌 점 양해 부탁드립니다.",ORDER,0
81,Q[나중결제] 나중결제 할부 서비스 중단 이후 이미 할부로 주문한 것들은 어떻게 되나요?,"서비스 중단일(2022년 10월 1일) 이전에 주문한 할부 주문 건에는 영향이 없으며 남아있는 회차별로 결제가 진행됩니다. 또한 아래의 경로에서 남은 금액의 즉시 결제도 가능합니다. 즉시 결제는 월별 결제 총액 또는 주문번호별(건별)로 가능합니다. 단 쿠팡 모바일 앱에서만 결제가 가능하니 이용에 참고 부탁드립니다. (PC 웹사이트에서는 이용 불가)
 나중결제 즉시 결제하기 (모바일 앱)
마이쿠팡 → 결제수단∙쿠페이 → 나중결제 금액 → 즉시결제",ORDER,0
82,Q[할인쿠폰] 할인쿠폰 이용가능 조건이 있나요?,네 할인쿠폰마다 최소 주문금액과 최대 할인금액이 정해져 있습니다. 최소 주문금액 이상을 주문해야 해당 쿠폰을 사용할 수 있으며 최대 할인금액 내에서 할인이 적용됩니다. [마이쿠팡 → 할인쿠폰] 메뉴에서 보유한 할인쿠폰 내역과 사용 조건을 확인할 수 있습니다.,ORDER,0
83,Q[신용카드] 다른 사람 명의의 카드로도 결제가 가능한가요?,"네 다른 사람 명의의 카드로도 결제가 가능합니다. 각 디바이스 별로 주문/결제페이지에서 다음과 같이 진행해 주세요. 
 모바일
• 결제수단 → 신용/체크카드 → 결제하기 → 카드정보 직접입력 → 다른 명의 카드 → 다른 명의 카드 결제
이미지로 확인하기 (클릭)
※ 단 BC/카카오뱅크/기타 증권사 카드는 모바일에서는 타인 명의 카드로 결제가 불가하니 PC를 이용해 주세요.
※ KB카드는 타인 명의 카드로 결제 시 KB Pay 버튼을 이용해 주세요. 
 PC
• 결제정보 → 결제방법 → 신용/체크카드 → [OOO님 명의 카드] 해제 후 결제하기 
이미지로 확인하기 (클릭)",ORDER,0
84,Q[쿠페이] 쿠페이에 가족 명의의 계좌나 휴대폰 등록이 가능한가요?,아니요. 쿠페이 등록과 계좌이체(충전) 등 결제수단 등록은 본인 명의의 계좌로만 가능합니다.,ORDER,0
85,Q[상품문의] 상품에 대해서 문의하려면 어떻게 해야 하나요?,"상품에 관한 정보는 해당 상품의 [상품상세] 페이지에 자세히 안내되어 있습니다. 이외에 추가적인 질문이 있는 경우 아래의 방법을 통해 문의하실 수 있습니다.
 상품 주문 전 문의하는 방법
• 상품 페이지 내 [상품문의] 부분으로 이동하여 [문의하기] 버튼을 클릭한 후 문의 글을 등록하시면 판매자가 확인 후에 답변을 드립니다.
• 전화 문의가 필요한 경우에는 상품 페이지 내 [배송/교환/반품/판매자 안내] 부분으로 이동하여 가장 하단에 표기되어 있는 [판매자 정보] 연락처를 확인한 후 판매자에게 직접 전화로 문의하실 수 있습니다.
 상품 주문 후 문의하는 방법
• 로켓배송 로켓프레시 로켓모바일 로켓직구 상품은 쿠팡 고객센터로 문의 부탁드리며 판매자 배송 상품은 아래의 경로를 통해 마이쿠팡에서 직접 판매자 연락처 확인 및 문의가 가능합니다.
• 마이쿠팡 → 주문목록 → 상품선택 → [‘판매자명’에 문의하기] 클릭",ORDER,0
86,Q[쿠페이 계좌이체] 등록된 은행계좌를 삭제하고 싶어요.,쿠페이에 등록한 계좌 삭제는 [마이쿠팡 → 결제수단∙쿠페이 → 결제수단 관리] 메뉴에 등록된 계좌를 선택하고 [삭제] 버튼을 누르면 됩니다.,ORDER,0
87,Q[쿠페이 신용카드] 여러 개의 신용카드를 등록할 수 있나요?,"네 쿠페이 결제수단에 신용카드는 총 13개까지 등록할 수 있습니다.
국내카드는 최대 10개 + 해외카드(일부 카드만 가능)는 최대 3개 = 총 13개
 단 쿠팡에 등록된 회원정보와 동일한 카드인 경우에만 등록이 가능합니다.",ORDER,0
88,Q[쿠페이 신용카드] 쿠페이에 카드 등록이 안 돼요.,쿠페이는 본인 명의의 카드만 등록 및 사용이 가능합니다. 쿠팡의 회원정보와 등록하려는 카드의 명의자 정보가 일치해야 합니다. 가족카드의 경우에도 본인 명의로 발급된 카드만 등록할 수 있습니다.,ORDER,0
89,Q[쿠페이 신용카드] 이미 등록한 카드라고 나옵니다.,기존에 등록된 카드가 삭제되지 않은 상태에서 다시 등록을 시도하면 이미 등록된 카드라는 알림을 받게 됩니다. 이미 등록된 카드를 먼저 확인한 후 다른 카드를 등록해 주시기 바랍니다. 만약 문제가 계속 해결되지 않는다면 쿠팡 고객센터(1577-7011)로 연락 주시기 바랍니다.,ORDER,0
90,Q[쿠페이 신용카드] 쿠페이 해지 시 카드는 자동으로 삭제되나요?,네 쿠페이 해지 시 등록된 카드는 자동으로 삭제됩니다.,ORDER,0
91,Q[고객확인제도] 자금세탁방지제도가 무엇인가요?,자금세탁방지제도란 국내 및 국제적으로 이루어지는 불법자금의 세탁을 적발 및 예방하기 위한 법적/제도적 장치로서 사법제도 금융제도 국제협력을 연계하는 종합관리시스템을 의미합니다.,ORDER,0
92,Q[고객확인제도] 고객확인제도는 필수로 이행해야 하나요?,"네 특정금융거래정보법 제5조의2에 따라 대상 고객은 고객확인제도를 이행하셔야 합니다. 고객확인제도 이행 대상 고객에게는 모바일 앱 푸시(알림) 팝업창 등을 통해서 이행을 요청 드리고 있습니다. 
 참고사항
• 고객 확인은 1회성이 아니며 추후에 동일한 고객님께 주기적으로 재이행이 요구될 수 있으며 정해진 기한 내에 고객 확인을 이행하셔야 합니다.",ORDER,0
93,Q[고객확인제도] 고객확인제도가 무엇인가요?,"고객확인제도란 금융거래가 자금세탁방지 등의 불법행위에 이용되는 것을 방지하기 위하여 금융회사 등이 고객과 거래 시 고객의 신원을 확인 및 검증하는 제도입니다.
 2019.07.01부터 개정 시행되는 전자금융업자의 고객확인 의무와 특정금융거래정보의 보고 및 이용 등에 관한 법률 제5조의 2에 따라 고객에 대한 신원확인이 필요합니다.
 신원확인을 위한 수집 정보
• 고객확인제도 대상자 : 고객 본인의 성명 국적 성별 생년월일 암호화된 동일인 식별정보(CI) 연락처 주소지 계좌정보 직업/업종
• 일부 고객의 경우 거래목적 자금원천 신분증 확인(진위여부) 추가 확인이 요구될 수 있습니다.
 가입 및 서비스 이용 등의 제한
다음과 같은 경우에는 가입 및 서비스 이용 등이 제한될 수 있습니다. 
• 제공한 정보에 허위 정보 정보(실명확인 주소 등) 누락 오타 등으로 인하여 검증이 불가능한 경우
• 정당한 사유 없이 고객의 정보 및 관련 자료 제출을 거부하는 경우",ORDER,0
94,Q[로켓직구] 건강식품은 몇 개까지 구매할 수 있나요?,건강기능식품은 최대 6병까지 구매 가능하며 면세 통관범위를 초과한 경우에는 세관에서 폐기될 수 있습니다.,ORDER,0
95,Q[로켓직구] 자가사용 인정기준이 어떻게 되나요?,"자가사용(자가소비 개인소비) 인정기준은 각 품목마다 상이합니다. 품목별 자세한 기준은 관세청 홈페이지(http://www.customs.go.kr)를 확인해 주시기 바랍니다. 
 면세 범위 내에서 상품을 구매했어도 자가사용 인정기준을 초과하면 구매 금액에 상관없이 관세와 부가세가 부과됩니다. 또한 특정 품목은 자가사용 인정기준 초과 분에 대해 폐기될 수 있습니다.",ORDER,0
96,Q[쿠페이] 쿠페이로 구매 후 취소/반품 신청했는데 쿠팡캐시로 환불이 가능할까요?,"쿠페이로 결제한 주문을 취소하거나 반품할 경우 환불은 결제 시 선택했던 결제수단으로만 환불됩니다. 이외 다른 결제수단으로는 환불이 불가합니다. 
 단 원래 결제수단으로 환불이 불가한 경우에는 등록된 환불계좌로 현금 환불이 진행되므로 환불계좌를 등록해 주시기 바랍니다. 쿠페이 회원이 환불계좌를 등록하지 않은 경우에는 쿠페이 머니로 환불됩니다. 
 환불계좌 등록하기
마이쿠팡 → MY쇼핑 → 취소/반품/교환/환불내역 → 무통장환불 → [입력하기]",ORDER,0
97,Q[쿠페이] 휴대폰 번호로 된 평생계좌는 사용할 수 없나요?,네 휴대폰 번호를 기반으로 한 평생계좌는 사용할 수 없습니다. CMA 증권 펀드 적금 계좌 본인 명의가 아닌 계좌 등도 사용할 수 없습니다. 본인 명의의 일반 은행 계좌를 사용해 주시기 바랍니다.,ORDER,0
98,Q[쿠페이] 결제한도가 있나요?,"쿠페이 계좌이체의 한도는 은행별로 다르며 신용카드는 1회 결제 한도가 없습니다.
또한 쿠페이 결제(간편결제) 이체/결제한도는 고객님 계좌의 이체한도 또는 카드 결제한도와는 무관합니다. 상세 내용은 아래와 같습니다. 
 쿠페이 계좌이체
• 농협/하나/토스/씨티은행 : 1일 최대 200만원 
• 카카오뱅크/국민/신한/기업은행 : 1회 최대 200만원 (1일 최대 한도 없음)
• 그 외 은행 : 없음
 쿠페이 신용카드 
• 1회 결제 한도 없음 
 쿠페이 머니
• 1회 최대 200만원까지 충전(계좌 미등록 시 최대 50만원) 및 사용이 가능합니다.",ORDER,0
99,Q[쿠페이] 결제 시 별도 수수료가 발생하나요?,"쿠페이 결제 자체에는 별도 수수료가 발생하지 않습니다. 
 단 일부 결제수단의 경우 카드사/금융사 정책에 따라 결제 시 수수료가 발생할 수 있습니다. (예 : 해외카드 결제 시 해외 결제 수수료 발생 등) 자세한 문의는 각 카드사 및 금융사로 문의해 주시기 바랍니다.",ORDER,0
100,Q[쿠페이] 결제 시 공인인증서가 필요한가요?,쿠페이 결제 시에는 공인인증서 및 보안카드/OTP기기가 필요 없습니다. 쿠페이는 미리 등록한 비밀번호를 입력하면 빠르게 결제가 완료됩니다.,ORDER,0
101,Q[쿠페이] 쿠페이 결제 비밀번호를 잊어버렸는데 어떻게 해야 하나요?,"쿠페이 결제 비밀번호를 잊어버린 경우 본인 인증 과정을 거쳐 비밀번호를 초기화하고 새로운 비밀번호를 설정해야 합니다. 아래의 경로를 따라 쿠페이 홈으로 이동하여 비밀번호 초기화를 진행해 주시기 바랍니다.
 쿠페이 결제 비밀번호 초기화하기
PC : 마이쿠팡 → 결제수단∙쿠페이 관리 → 비밀번호 초기화
모바일 : 마이쿠팡 → 결제수단∙쿠페이 → 결제 비밀번호∙보안 설정 → 비밀번호 초기화",ORDER,0
102,Q[비회원 주문] 가입하지 않고 주문할 수 있나요?,아니요. 쿠팡은 회원 가입을 해야만 주문이 가능합니다. 회원으로 가입하면 상품 구매가 가능하고 다양한 할인 이벤트와 할인 쿠폰 등을 경험할 수 있습니다.,ORDER,0
103,Q[주문] 전화로도 주문할 수 있나요?,아니요. 쿠팡은 전자상거래 업체로 PC 웹사이트와 모바일 앱으로 주문할 수 있습니다.,ORDER,0
104,Q[결제수단] 폰뱅킹으로 입금할 수 있나요?,"네 무통장입금을 결제수단으로 선택하면 폰뱅킹으로 결제(입금)가 가능합니다.
 유의사항
• 폰뱅킹을 이용하기 위해서는 해당 은행 폰뱅킹 서비스에 등록되어 있어야 합니다. 
• 폰뱅킹 입금 후 약 10~20분 뒤 입금 확인이 가능합니다.
• 입금 기한 내에 입금하지 않으면 주문은 자동으로 취소됩니다.",ORDER,0
105,Q[주문] 크롬 브라우저에서도 주문/결제가 가능한가요?,네 크롬 브라우저에서도 주문과 결제가 가능합니다.,ORDER,0
106,Q[결제수단] 문화상품권으로 결제할 수 있나요?,아니요. 문화상품권을 이용한 결제 서비스는 지원하지 않습니다.,ORDER,0
107,Q[결제수단] 결제방법에 실시간 계좌이체가 확인되지 않아요.,쿠팡에서 제공한 실시간 계좌이체 서비스는 2017년 1월 13일부로 종료되었습니다. [마이쿠팡 → 결제수단∙쿠페이]에서 계좌를 결제수단으로 등록하면 더 편리하게 이용할 수 있습니다.,ORDER,0
108,Q[무통장 입금] 무통장입금은 무엇이며 결제는 어떻게 하나요?,"무통장입금은 주문 시 발급받은 일회성 가상계좌로 결제금액을 입금하는 결제 방법으로 주문할 때마다 새로운 계좌번호가 발급됩니다. 주문 시 주문/결제페이지에서 다음의 경로를 선택하면 무통장입금으로 결제를 할 수 있습니다. 
 PC 웹사이트
① 결제방법에서 [무통장입금(가상계좌)] 클릭
② 입금은행 선택하기
③ 결제하기 클릭
 모바일 앱
① 결제수단 클릭
② 계좌이체/무통장입금 클릭
③ 입금은행 선택 후 선택완료 클릭
④ 결제하기 클릭
⑤ 하단 [무통장입급(가상계좌)으로 결제] 클릭
⑥ 팝업창에서 [무통장입금] 클릭
 단 입금은행 선택 시 일부 은행은 선택이 불가합니다. 
 결제 방법은 발급받은 가상계좌로 은행창구 ATM기기 계좌이체 폰뱅킹 인터넷뱅킹 등을 통해 입금하시면 됩니다. 입금자 이름과 상관없이 금액만 일치하면 정상적으로 입금 처리가 완료됩니다.
 무통장입금 가상계좌는 주문 완료 후 [주문완료] 페이지에서 확인이 가능하며 주문 시 입력한 휴대폰 번호로도 문자 메시지가 발송됩니다. 만약 가상계좌 정보를 분실했다면 [마이쿠팡 → 주문목록 → 상품선택 → 주문 상세보기]를 클릭한 후 계좌정보를 확인할 수 있습니다. (은행명 예금주 계좌번호 입금기한 입금 대기금액)
 무통장입금 결제 시 유의사항
• 주문 후 입금기한(24시간) 이내에 입금하지 않으면 주문은 자동으로 취소됩니다. 단 24시간 이내 판매가 종료되는 상품인 경우에는 판매 종료시간까지 입금하셔야 합니다.
• 일부 상품(여행 숙박 순금 등)은 무통장입금으로 구매가 불가할 수 있습니다.",ORDER,0
109,Q[무통장 입금] 무통장입금이 가능한 은행은 어떻게 되나요?,"무통장입금 결제가 가능한 은행은 다음과 같습니다.
 농협은행 국민은행 신한은행 우리은행 KEB하나은행 SC제일은행 기업은행 우체국 대구은행 부산은행 경남은행 광주은행 수협은행",ORDER,0
110,Q[무통장 입금] 무통장입금을 했는데 입금확인은 언제 되나요?,무통장입금(가상계좌)으로 입금한 경우 약 10분 이내로 입금 내역이 확인됩니다. 입금이 완료되면 고객님께 문자 메시지 또는 모바일 앱 알림이 발송됩니다. 입금 후 1시간 뒤에도 주문 내역에서 ‘입금대기중’ 상태가 지속되면 쿠팡 고객센터(1577-7011)로 연락 주시기 바랍니다.,ORDER,0
111,Q[무통장 입금] 무통장입금으로 주문했는데 다른 은행으로 변경할 수 있나요?,"주문완료 이후에는 다른 은행으로 변경할 수 없습니다.
다른 은행으로의 입금을 원하신다면 주문취소 후 다시 주문하여 주시기 바랍니다.",ORDER,0
112,Q[무통장 입금] 무통장입금은 주문 후 언제까지 입금해야 하나요?,"무통장입금은 주문완료 후 24시간 이내 입금해야 합니다.
입금기한 내 입금확인이 되지 않은 주문 건은 자동 취소됩니다.
※ 주문완료 후 24시간 이내 입금해야 하며 입금기한 내 입금확인이 되지 않은 주문은 자동 취소됩니다.  단 24시간 이내 판매가 종료되는 상품인 경우 판매종료시간까지 입금하셔야 합니다.
※ 반드시 주문금액과 동일한 금액으로 입금해 주시기 바랍니다.",ORDER,0
113,Q[무통장 입금] 무통장입금 시 일회성 계좌가 아닌 전용(고정)계좌를 발급받을 수는 없나요?,"고객님의 소중한 금융정보 보호를 위해 전용(고정)계좌가 아닌 일회성 가상계좌를 사용하고 있습니다.
무통장입금으로 주문하시면 주문번호 별로 일회성 가상계좌가 발급되며 해당 주문 건에만 사용 가능하므로 
전용(고정)계좌에 비해 해킹이나 정보유출의 위험성이 더 적어 안전합니다.",ORDER,0
114,Q[무통장 입금] 무통장입금할 때 거래불가라고 입금할 수가 없습니다.,"무통장입금 시 거래불가로 입금할 수 없다면 아래 항목을 확인하여 주시기 바랍니다.
 1. 쿠팡의 가상계좌는 일회성입니다.
입금을 시도하려는 주문의 가상계좌와 동일한지 확인해 주시기 바랍니다.
 2. 주문금액과 입금금액이 동일해야 합니다.
1개의 가상계좌로 여러 개의 주문금액을 입금하실 수 없으며 구매금액과 정확히 일치해야 입금이 가능합니다.
 3. 가상계좌의 입금기한은 주문완료 후 24시간 이내입니다.
입금기한이 경과되었는지 확인 바랍니다.
단 주문한 상품 중 판매종료 시간이 24시간 이내일 경우 입금기한은 해당 상품의 판매종료 시간입니다.
 4. ATM기기에서는 100원 단위 입금이 불가능합니다.
은행 창구 또는 통장 및 카드를 이용하여 가상계좌로 계좌이체를 해야 합니다.
 5. 은행별로 가상계좌로 입금이 불가능한 경우가 있습니다.
은행 창구 혹은 계좌이체를 이용해 주시기 바랍니다.",ORDER,0
115,Q[무통장 입금] 여러 개의 상품을 구매 후 무통장입금 계좌로 한꺼번에 입금해도 되나요?,"아니요. 여러 개의 상품을 각각 주문하여 여러 개의 주문번호가 생성되었다면 각 주문에 생성된 가상계좌로 무통장 입금을 해야 합니다. 주문별 가상계좌는 [마이쿠팡 → 주문목록 → 주문 상세보기]에서 [입금계좌]를 확인할 수 있습니다.
 하나의 가상계좌로 한꺼번에 입금을 원하시면 구매하려는 상품을 장바구니에 모두 담아 한 번에 주문해 주시기 바랍니다.",ORDER,0
116,Q[무통장 입금] 무통장입금으로 주문할 수 없는 상품도 있나요?,네 구매 당일 사용하는 티켓 상품 기프트카드 선물하기 상품 등 일부 상품은 무통장입금(가상계좌)으로 결제가 불가합니다. 결제 단계에서 무통장입금 옵션이 노출되지 않는다면 무통장입금으로 주문이 불가한 상품입니다. 이 경우 다른 결제수단을 이용하여 주문해 주시기 바랍니다.,ORDER,0
117,Q[무통장 입금] 입금대기중 상태란 무엇인가요?,무통장입금을 선택하여 주문 후 아직 입금하지 않은 상태를 의미합니다. 주문 시 발급받은 일회성 가상계좌로 주문 금액을 입금해야 상태가 결제완료로 변경되고 상품 배송이 시작됩니다. 입금 기한 내 입금하지 않으면 주문은 자동으로 취소됩니다.,ORDER,0
118,Q[신용카드] 결제가 가능한 신용카드는 어떻게 되나요?,"결제가 가능한 카드는 다음과 같습니다. 
삼성 롯데 KB국민 신한 하나 BC 현대 우리 NH농협 씨티 카카오뱅크 토스뱅크 기타 은행/증권 카드 등
 참고사항
• 우체국카드 KDB산업은행카드 현대증권카드 등 일부 체크카드는 할부 결제가 불가합니다.
• 해외에서 발급받은 카드 중 Visa Mastercard JCB 본인 명의 카드는 쿠페이에 등록하여 쿠페이 결제만 가능합니다.
• 우체국 광주 등의 은행 및 증권카드는 [기타(은행/증권)카드]를 선택하셔야 결제가 가능합니다.",ORDER,0
119,Q[안심클릭] 안심클릭 서비스란 무엇인가요?,인터넷 쇼핑 시 고객님의 카드에 미리 설정한 전자상거래용 별도 비밀번호를 입력하여 카드 사용자 본인을 확인함으로써 온라인상에서 카드의 무단 도용을 방지하는 서비스입니다. 카드사별로 이용 방법이 상이하므로 자세한 내용은 사용하는 카드사로 문의해 주시기 바랍니다.,ORDER,0
120,Q[결제수단] 인터넷안전결제(ISP) 서비스란 무엇인가요?,인터넷안전결제(ISP)란 카드 결제 시 카드번호를 직접 입력하지 않고 카드사에서 발급하는 가상의 인터넷안전결제(ISP) 비밀번호만으로 안전한 전자상거래를 할 수 있는 서비스입니다. 단 거래 금액이 30만원 이상일 때에는 공인 인증 과정이 필요합니다. 카드사별로 인터넷안전결제(ISP) 지원 여부가 상이하므로 자세한 내용은 사용하는 카드사로 문의해 주시기 바랍니다.,ORDER,0
121,Q[휴대폰 결제] 휴대폰 결제 시 인증번호가 오지 않습니다.,휴대폰 결제 시 인증번호가 문자로 오지 않는다면 고객님의 휴대폰 단말기 또는 통신사의 차단 번호와 스팸 문자함을 확인해 주시기 바랍니다. 여기에서도 확인되지 않는다면 이용 중인 휴대폰 통신사 고객센터로 문의해 주세요.,ORDER,0
122,Q[휴대폰 결제] 휴대폰 결제 시 미납으로 결제가 안된다고 합니다.,통신사 요금의 미납과 체납 상태인 경우 휴대폰 소액결제 이용이 불가합니다. 자세한 내용은 가입하신 통신사 고객센터로 연락하여 확인해 주시기 바랍니다. 또한 통신사에 미납 요금을 수납했더라도 휴대폰 결제 서비스를 지원하는 결제대행사(예: 다날 KG모빌리언스 갤럭시아머니트리 등)에서 미납 상태를 해제하지 않은 경우 이용이 불가할 수 있습니다. 이 경우 수납일부터 영업일 기준 1~2일 정도 기다려 주시거나 결제대행사 고객센터로 연락하여 미납 상태의 해제를 요청해 주세요.,ORDER,0
123,Q[휴대폰결제] 휴대폰 결제 시 한도 초과로 결제가 안된다고 합니다.,이는 통신사에 정한 휴대폰 소액결제의 월 누적 결제 한도가 초과된 경우입니다. 휴대폰 소액결제 이용 한도는 이용하시는 통신사로 직접 문의해 주시기 바랍니다.,ORDER,0
124,Q[휴대폰결제 소액결제] 알뜰폰은 휴대폰 소액 결제를 사용할 수 있나요?,알뜰폰 사업자 중 KCT와 헬로모바일은 휴대폰 결제 페이지의 이동통신사 선택란에서 각 통신사를 선택하여 결제를 할 수 있습니다. 그 외 알뜰폰 사업자는 쿠팡 소액결제 지원 여부가 상이하므로 결제 서비스 이용에 대한 자세한 문의는 사용하는 이동통신사 고객센터로 문의해 주시기 바랍니다.,ORDER,0
125,Q[주문확인] 주문한 내역은 어디에서 확인하나요?,"주문 내역은 마이쿠팡 주문목록에서 직접 확인할 수 있습니다.
 주문 내역 확인하기
① 마이쿠팡 → [주문목록] 이동
② 해당하는 상품의 주문 내역 확인 
 단 주문 내역을 이미 삭제한 경우 쿠팡에 등록된 고객님의 이메일 메일함을 확인해 보시기 바랍니다. 주문 내역은 주문 일자에 고객님의 이메일로도 발송됩니다. 그럼에도 확인되지 않는다면 쿠팡 고객센터(1577-7011)로 연락 주시기 바랍니다.",ORDER,0
126,Q[주문] 최소 판매수량이 충족되지 않으면 어떻게 되나요?,"판매 기간 동안 최소 판매수량이 충족되지 않은 경우 주문은 자동으로 취소됩니다. (예: 여행 상품에서 최소 출발 인원수만큼 판매되지 않은 경우 등) 
 주문이 취소되면 최초 결제수단으로 환불이 진행되며 취소 및 환불 내역은 마이쿠팡에서 확인이 가능합니다. 
 단 무통장 입금으로 결제한 경우 환불받을 계좌 정보를 등록해 주셔야 합니다. (무통장 환불 계좌정보 등록 바로가기)",ORDER,0
127,Q[주문] 한 사람이 구매할 수 있는 수량에 제한이 있나요?,네 각 상품마다 1인 최대 구매 수량이 있습니다. 그 수량은 상품마다 다르며 구매 옵션에서 확인할 수 있습니다.,ORDER,0
128,Q[장바구니] 장바구니란 무엇인가요?,장바구니란 마음에 드는 상품을 담아 두었다가 한 번에 구매할 수 있는 저장 공간입니다. 상품의 상세페이지에서 [장바구니 담기]를 선택하여 최대 70개까지의 상품을 보관할 수 있습니다. 장바구니에 담긴 상품은 품절 또는 판매 종료 전까지 보관되며 선택 구매 및 삭제도 가능합니다. 단 상품권은 장바구니 기능이 적용되지 않습니다.,ORDER,0
129,Q[장바구니] 장바구니에 담아둔 상품이 사라졌습니다.,장바구니에 담은 상품이 품절되거나 판매기간이 종료되어 더 이상 구매하실 수 없는 경우 자동으로 장바구니에서 삭제됩니다.,ORDER,0
130,Q[장바구니] 장바구니에 담은 상품은 어디에서 확인할 수 있나요?,"사용하는 기기에 따라 다음의 위치에서 확인할 수 있습니다.
 • 모바일 : 하단 메뉴바의 가장 오른쪽 [장바구니] (카트 모양 아이콘) 
• PC : 메인 화면 오른쪽 상단의 [장바구니]",ORDER,0
131,Q[주문] 상품을 구매하려면 어떻게 해야 하나요?,"쿠팡 앱과 홈페이지에서 원하시는 상품을 쉽고 간편하게 구매할 수 있습니다.
 ① 상품 상세페이지에서 원하는 옵션을 선택한 후 [장바구니 담기] 또는 [바로구매]를 선택해 주세요.
② 상품을 받을 배송지 정보와 결제수단을 선택하여 결제를 완료합니다.
 ※ 장바구니 기능을 활용하여 여러 가지 상품을 한꺼번에 결제할 수 있습니다.",ORDER,0
132,Q[장바구니] 장바구니에 담은 상품을 삭제할 수 있나요?,네 장바구니에 담긴 상품명 옆의 ‘X(삭제)’ 버튼을 선택하여 삭제할 수 있습니다.,ORDER,0
133,Q[주문확인] 상품 주문 상태에 대해 단계별로 알려주세요.,"쿠팡의 주문 상태 값은 아래와 같이 배송상품과 티켓상품으로 구분됩니다. 
 배송상품
① 결제완료 : 주문과 결제가 정상적으로 완료된 상태 
② 상품준비중 : 판매자가 상품을 확인하고 상품을 발송하기 위해 준비하는 상태 
③ 배송시작 : 상품의 포장이 완료되어 택배사로 인계된 상태 
④ 배송중 : 상품의 택배사 출발부터 고객에게 배송 중인 상태 
⑤ 배송완료 : 상품이 고객님께 배달 완료된 상태
 티켓상품 (여행 레저 문화)
① 미사용 : 구매 후 티켓을 아직 사용하지 않은 상태 
② 사용완료 : 티켓 사용이 완료된 상태 
③ 유효기간만료 : 티켓을 사용할 수 있는 기간이 만료되어 티켓을 사용할 수 없는 상태",ORDER,0
134,Q[주문] 주문하지 않은 상품을 받았는데 누가 주문한지 알 수 있나요?,배송출발 또는 배송완료 안내 문자를 받은 경우 문자에서 주문자의 이름을 확인할 수 있습니다. 단 해당 주문자가 누구인지 모르거나 안내 문자를 받지 못했다면 운송장에 기재된 주문번호(주문번호 확인 불가 시 운송장 번호)를 확인하여 쿠팡 고객센터(1577-7011)로 연락 주시기 바랍니다. 상품의 정상 배송 확인 및 주문자와 연락을 통해 주문자 확인을 도와드리겠습니다.,ORDER,0
135,Q[장바구니] 로켓배송 상품을 결제하려는데 XXXX원을 추가해야 주문이 가능하다고 합니다.,와우 멤버십 회원이 아닌 경우 로켓배송 구매 가능 조건인 19800원이 충족되어야 주문이 가능합니다. 구매 가능 조건 금액이 부족하다면 장바구니에 추가로 필요한 [로켓배송] 상품을 담아 조건 충족 후 한 번에 주문해 주시기 바랍니다.,ORDER,0
136,Q[나중결제] 나중결제 할부 서비스를 갑자기 이용할 수 없어요.,2022년 10월 1일부로 나중결제 할부 서비스가 중단되었습니다. 일시불은 계속 이용할 수 있습니다. 추후 더 좋은 서비스로 만나 뵐 수 있도록 노력하겠습니다.,ORDER,0
137,Q[사전예약] 품절된 사전예약 상품은 언제 재입고되나요?,품절된 사전예약 상품은 재입고 확인 및 재입고 알림신청이 불가한 점 양해 부탁드립니다.,ORDER,0
138,Q[사전예약] 로켓배송 사전예약은 무엇인가요?,"신상품 및 한정 수량 상품을 출시일 또는 도착예정일에 맞춰 사전에 예약하여 구매할 수 있는 서비스입니다. 해당 상품에는 [사전예약중]이라고 표기된 배지가 부착되어 있습니다. 
 유의사항
• 사전예약 상품은 다른 상품과 함께 구매할 수 없습니다. (사전예약 상품만 단독으로 구매 가능)
• 사전예약 상품은 PC에서는 수량 선택이 가능하나 모바일에서는 수량 선택 및 장바구니 기능이 제공되지 않습니다.
• 모바일 앱은 최신 버전으로 업데이트해야 사전예약 서비스를 정상적으로 이용할 수 있습니다.
• 기본적으로 와우 멤버십 가입 유무에 상관없이 사전예약 상품을 구매할 수 있으나 사전예약 상품이 19800원 미만인 경우에는 와우 멤버십 회원만 구매할 수 있습니다.",ORDER,0
139,Q[쿠페이] 쿠페이 머니 충전방법은 어떻게 변경하나요?,"쿠페이 머니 충전방법 변경은 등록계좌를 변경하거나 무통장입금 계좌를 발급받는 방식으로 변경할 수 있습니다. 그리고 아래의 마이쿠팡을 통해 고객님께서 직접 쉽고 빠르게 변경할 수 있습니다.
 등록계좌를 변경하는 방법
① 마이쿠팡에서 [쿠페이 홈]으로 이동
② 쿠페이 머니 [충전] 버튼 클릭
③ 충전방법 [변경하기] 버튼 클릭
④ 등록계좌 부분에서 ‘나의 은행계좌’ 또는 ‘다른 계좌추가’ 선택
⑤ 계좌정보 입력 후 [등록하기] 클릭하여 완료
 무통장입금(가상계좌)으로 변경하는 방법
① 마이쿠팡에서 [쿠페이 홈]으로 이동
② 쿠페이 머니 [충전] 버튼 클릭
③ 충전방법 [변경하기] 버튼 클릭
④ 무통장 입금 부분에서 ‘나의 무통장 입금계좌’ 또는 ‘다른 계좌추가’ 선택
⑤ 입금할 계좌의 [계좌복사] 클릭 후 사용하면 완료",ORDER,0
140,Q[생체인증] 쿠팡에서 생체인증 서비스를 이용할 수 있나요?,"네 쿠팡에서는 생체인증 서비스를 이용할 수 있으며 자세한 내용은 다음과 같습니다.
 생체인증 서비스란 고객님의 기기에 등록된 본인의 생체정보(지문/얼굴인식)를 이용하여 쿠페이(계좌이체/머니/카드) 결제 또는 쿠페이 머니 충전 시 비밀번호 입력 없이 간편하게 결제/충전하는 서비스입니다.
 쿠페이(계좌이체/머니/신용카드)수단 선택 후 결제하기 버튼을 터치하시는 경우 생체인증으로 즉시 결제가 이루어집니다. 생체인증이 지원되는 기기에서만 서비스가 제공되며 쿠팡의 자체 보안 기준에 따라 안전한 거래를 위해 기존과 같이 비밀번호를 요구하는 경우가 발생할 수 있습니다.
 아래의 메뉴로 이동하여 생체인증 설정을 직접 변경할 수 있습니다. 단 생체인증 기능 설정은 모바일 앱을 통해서만 할 수 있습니다. (PC 웹사이트에서는 설정 불가)
 생체인증 사용/해제 설정하기 (모바일 앱)
마이쿠팡 → 결제수단∙쿠페이 → 결제 비밀번호·보안 설정 → 생체인증 [ON/OFF] 변경",ORDER,0
141,Q[쿠팡캐시] 쿠팡캐시도 현금영수증이 발급되나요?,"현금성 쿠팡캐시는 현금영수증이 발급되지만 포인트성 쿠팡캐시는 현금영수증이 발급되지 않습니다.
 쿠팡캐시에는 현금성 쿠팡캐시와 포인트성 쿠팡캐시 두 가지 종류가 있으며 위와 같이 종류에 따라 현금영수증 발급 여부가 다릅니다. 현금영수증은 현금성 쿠팡캐시로 상품을 구매할 때에 발급됩니다.
 참고사항
• 현금성 쿠팡캐시 : 기프트카드 전환 미사용 티켓 환불 쿠페이 머니 전환 등
• 포인트성 쿠팡캐시 : 제휴 포인트 전환 이벤트 캐시백 고객 케어 캐시 등",ORDER,0
142,Q[할인쿠폰] 할인쿠폰 사용 후 주문을 취소했는데 쿠폰은 언제 복구되나요?,"할인쿠폰의 유효기간이 종료되기 전에 주문 취소가 완료되면 쿠폰 원상 복구(재발행)가 가능합니다. 단 유효기간이 종료된 할인쿠폰은 주문 취소가 완료되어도 원상 복구(재발행)가 되지 않습니다. 주문 취소를 신청한 후 취소가 완료되기까지 일정 시간이 소요되며 각 주문마다 소요시간은 다를 수 있습니다. 따라서 주문 취소가 완료되기까지 기다려 주시기 바랍니다.
 유의사항
• 쿠폰은 프로모션 기간 만료 후 주문 취소 시 원상 복구(재발행) 되지 않습니다.
• 쿠폰은 전체 주문 건에 적용되어 일부 상품 취소 시 귀책사유와 무관하게 원상 복구(재발행) 되지 않습니다. 
 할인쿠폰 확인하기
마이쿠팡 → MY혜택 → 할인쿠폰",ORDER,0
143,Q[나중결제] 나중결제 해지는 어떻게 하나요?,나중결제 서비스를 해지하시려면 쿠팡 고객센터(1577-7011)로 연락 주시기 바랍니다. 처리 완료까지는 평일 기준 약 1~2일 정도 소요됩니다.,ORDER,0
144,Q[로켓배송] 로켓배송/로켓프레시 상품이 일시 품절로 주문이 안돼요.,"모든 상품은 갑작스러운 주문량 증가 및 공급 이슈로 일시 품절될 수 있습니다. 해당 상품의 재입고 알림을 원하시면 상품 페이지 내 [재입고 알림신청] 버튼을 클릭해 주시기 바랍니다. 이후 상품의 재고가 확보되면 모바일 앱 알림을 받을 수 있습니다.
 참고사항
• 배송지가 변경되면 재고 상태가 달라질 수 있습니다. 
• 배송지가 로켓프레시 가능 지역인지 확인해 주세요. 서비스 지역이 아닌 경우 품절로 노출됩니다.",ORDER,0
145,Q[주문] 쿠팡 앱이나 홈페이지가 아닌 판매자가 직접 거래를 요청할 경우 어떻게 하나요?,쿠팡은 판매자 직접 거래를 허용하고 있지 않습니다. 판매자가 계좌이체(현금거래)를 통한 직거래를 유도하거나 확인되지 않은 개인 판매/결제 사이트로 안내하며 직거래를 유도할 경우 절대 응하지 마시고 즉시 사기 거래 신고센터(1670-9832)로 신고해 주시기 바랍니다.,ORDER,0
146,Q[찜하기] 찜한 상품은 어디에서 확인할 수 있나요?,"찜한 상품은 다음의 경로에서 확인할 수 있습니다.
 • 모바일 : 마이쿠팡 → 찜한상품 (하트 모양 아이콘)
• PC : 마이쿠팡 → 찜 리스트",ORDER,0
147,Q[쿠페이] 쿠페이 머니 충전/인출은 어떻게 해야 하나요?,"쿠페이 머니는 현금을 쿠페이에 미리 충전(이체)하여 사용하는 선불 전자 지급수단입니다. 쿠페이 머니 보유 잔액 한도는 본인 명의의 계좌를 연결하면 200만원 연결 계좌가 없으면 50만원으로 제한됩니다. 
 쿠페이 머니 충전/인출 방법
① 마이쿠팡에서 [쿠페이 홈]으로 이동
② 쿠페이 머니 [충전] 또는 [인출] 버튼 클릭
③ 원하는 [충전금액] 또는 [인출금액] 입력
④ 필요시 추가 정보 입력 후 [충전하기] 또는 [인출하기] 클릭하여 완료 
 이미지로 확인하기 (클릭)
 쿠페이 머니 충전/인출 종류
• 즉시 충전 : 쿠페이에 계좌 등록 후 이체를 통해 바로 충전
• 무통장 입금 : 가상의 전용 계좌를 발급받아 직접 입금하여 충전
• 보유 계좌로 인출 : 쿠페이에 등록된 본인 계좌로 인출 (즉시 인출 가능)
• 다른 계좌로 인출 : 쿠페이에 등록되지 않은 본인 명의의 다른 계좌로 인출 (입금 완료까지 평일 기준 1~3일 소요)",ORDER,0
148,Q[결제] 토스카드/카카오페이 카드는 어떻게 결제하나요?,"신용/체크카드에서 ‘BC카드’를 선택한 후 [결제하기]를 클릭하면 카드 정보를 입력하여 결제할 수 있습니다.
 단 토스유스카드는 일반 결제 시 ‘KB국민카드’로 선택하여 결제할 수 있습니다.",ORDER,0
149,Q[로켓직구] 로켓직구 상품에 소비/유통/사용기한 정보가 없습니다.,미국 내수용 상품은 ‘소비/유통/사용기한’과 ‘제조일자’를 '상품필수표기정보'에 공시할 의무가 없어 이를 표기하지 않은 상품들도 있습니다. 해당 정보가 표기되지 않은 상품은 제조사로 문의하셔야 확인할 수 있습니다.,ORDER,0
150,Q[쿠페이 신용카드] 쿠페이에 등록한 카드를 재발급 받으면 다시 등록해야 하나요?,"네 카드를 재발급 받으면 카드번호가 변경되기에 다시 등록해야 합니다. [쿠페이 홈 → 결제수단 관리]로 가셔서 기존에 등록된 카드는 삭제해 주시고 재발급 받은 새 카드를 등록해 주시기 바랍니다. 
 쿠페이 홈 바로가기 (클릭)",ORDER,0
151,Q[쿠페이 계좌이체] 계좌 등록이 안 돼요.,등록하는 계좌의 명의자와 휴대폰의 명의자가 동일해야 쿠페이에 계좌 등록이 가능합니다. 쿠페이에 계좌가 등록되지 않는다면 계좌와 휴대폰의 명의자를 확인해 주시기 바랍니다.,ORDER,0
152,Q[원터치결제] 원터치 결제 사용 및 해제는 어떻게 하나요?,"아래의 메뉴로 이동하여 원터치 결제의 사용/해제 설정을 직접 변경할 수 있습니다. 단 원터치 결제 기능 설정은 모바일 앱을 통해서만 할 수 있습니다. (PC 웹사이트에서는 설정 불가)
 원터치 결제 사용/해제 설정하기 (모바일 앱) 
마이쿠팡 → 결제수단·쿠페이 → 결제 비밀번호·보안 설정 → 원터치결제 사용 [ON/OFF] 변경",ORDER,0
153,Q[쿠페이] 결제를 하지 않았는데 주문이 되었어요.,"아래의 경우에 해당하지 않는지 확인해 주시기 바랍니다.
 [원터치 결제]로 주문한 경우
원터치 결제 사용을 설정한 고객은 일부 상품 결제 시 별도의 비밀번호 입력 없이 지정된 쿠페이 결제수단으로 즉시 결제가 이루어집니다. 원터치 결제 사용/해제 설정은 쿠팡 모바일 앱 [마이쿠팡 → 결제수단∙쿠페이 → 결제 비밀번호∙보안 설정 → 원터치결제 사용]에서 ON/OFF 버튼을 선택하여 변경할 수 있습니다. 단 원터치 결제를 사용하더라도 추가 확인이 필요한 경우 비밀번호 입력을 요청할 수 있습니다. 
 [밀어서 결제하기]로 주문한 경우
일부 주문을 결제할 때 [밀어서 결제하기] 버튼이 제공되며 이 버튼을 밀면 별도의 비밀번호 입력 없이 지정된 쿠페이 결제수단으로 즉시 결제가 이루어집니다. [밀어서 결제하기]는 별도의 사용/해제 설정이 불가하며 일부 주문에 자동으로 제공됩니다.
 [쿠팡이츠]에서 주문한 경우
쿠팡이츠에서 주문/결제한 내역이 있는지 쿠팡이츠 모바일 앱 [주문내역]을 확인해 주시기 바랍니다.
 [쿠팡플레이]에서 구매한 경우
쿠팡플레이에서 구매/결제한 내역이 있는지 쿠팡플레이 모바일 앱 [프로필 → 구매내역]을 확인해 주시기 바랍니다.",ORDER,0
154,Q[원터치결제] 비밀번호 확인 없이 결제가 되었는데 안전한가요?,쿠팡은 결제 비밀번호 입력 단계를 자체 보안 단계로 대체한 원터치 결제 서비스를 제공합니다. 이는 고객님께서 믿고 거래할 수 있도록 보안 단계를 안전하게 설계하였습니다. 만약 본인이 결제하지 않은 주문이라면 쿠팡 고객센터(1577-7011)로 바로 연락 주시기 바랍니다.,ORDER,0
155,Q[원터치결제] 원터치 결제란 어떤 서비스인가요?,"원터치 결제란 고객님께 보다 빠른 결제 경험을 제공하기 위해 쿠페이(계좌이체/머니/신용카드) 결제 과정에서 비밀번호 입력 단계를 쿠팡의 자체 보안 확인 과정으로 대체한 결제 서비스입니다.
 이는 쿠페이(계좌이체/머니/신용카드) 결제수단 선택 후 결제하기 버튼을 누르는 즉시 결제가 이루어집니다. 단 쿠팡의 자체 보안 기준에 따라 예외적으로 기존과 동일하게 비밀번호를 요청하는 경우가 있습니다. 이는 고객님의 안전한 거래를 위한 추가 조치입니다.",ORDER,0
156,Q[영수증] 해외직구나 해외구매대행도 현금영수증을 발행할 수 있나요?,아니요. 해외 사업자는 국내 소득세법이 아닌 해외 현지 국가의 법이 적용되기에 현금영수증 발행이 불가합니다.,ORDER,0
157,Q[쿠페이] 쿠페이 종류에는 어떤 것이 있나요?,"쿠페이는 계좌이체 신용/체크카드 쿠페이 머니가 있으며 결제수단은 최대 10개까지 등록할 수 있습니다. (해외카드 포함 시 최대 13개까지 등록 가능)
 쿠페이 머니란 쿠페이에 등록된 계좌에서 원하는 금액을 미리 충전(이체)하여 사용하는 결제 수단입니다.
 쿠페이 계좌이체 신용/체크카드 등록하기
마이쿠팡 → 결제수단∙쿠페이 관리 → 결제수단 관리 → 결제수단 등록
 쿠페이 머니 충전하기
마이쿠팡 → 결제수단∙쿠페이 관리 → coupay 머니 잔액 [충전하기] 클릭",ORDER,0
158,Q[거래명세서] 거래명세서는 어디에서 받을 수 있나요?,"거래명세서는 마이쿠팡 주문목록에서 고객님께서 직접 발급받을 수 있습니다. 단 거래명세서 확인 및 출력은 PC 웹사이트에서만 가능합니다. (모바일에서는 확인 불가)
 거래명세서 출력하기 (PC 웹사이트)
① 마이쿠팡 → MY쇼핑 → [주문목록/배송조회] 이동
② 해당 상품에서 [주문 상세보기] 클릭
③ 하단의 ‘결제영수증 정보’에서 [거래명세서] 클릭
④ ‘공급받는자’ 부분에 정보 직접 입력 (사업자등록번호 상호명 성명 사업장주소 업태 종목)
⑤ 우측 상단에 [출력] 클릭",ORDER,0
159,Q[쿠페이] 미성년자 혹은 외국인도 사용할 수 있나요?,"미성년자 및 외국인의 쿠페이 사용 조건은 아래를 확인해 주세요.
 • 미성년자의 경우 : 만 14세 미만은 쿠팡에 회원가입을 할 수 없습니다. 쿠팡에 가입이 가능한 14세 이상은 본인 명의의 계좌를 등록할 경우 쿠페이를 사용할 수 있습니다. 
 • 외국인의 경우 : 국내에 거주 중이며 유효한 외국인등록증을 소지한 경우 쿠팡 회원가입을 한 후 쿠페이를 정상적으로 등록 및 사용할 수 있습니다. 단 은행 계좌 주의 이름과 쿠팡 회원의 이름이 정확히 일치해야 합니다. 또한 본인 명의의 휴대폰 인증이 필요하기에 국내 통신사에 본인 명의의 휴대폰이 가입되어 있어야 하며 이 이름 역시 정확히 일치해야 합니다. (대소문자 띄어쓰기 성과 이름의 순서 등)",ORDER,0
160,Q[쿠페이] 본인 인증 시 회원정보에 등록된 정보와 일치하지 않는다고 합니다.,본인 인증은 본인 명의로 가입한 휴대폰으로만 인증할 수 있습니다. 가족 등 다른 사람의 명의로 된 휴대폰 번호로는 인증이 불가합니다. 또한 본인 인증 시 통신사를 알맞게 선택하였는지 전화번호를 정확히 입력하였는지 한 번 더 확인해 주시기 바랍니다. 만약 이전에 쿠팡에서 이미 인증을 한 후 변경된 개인정보가 있다면 회원정보를 수정한 후 다시 인증을 시도하시기 바랍니다.,ORDER,0
161,Q[쿠페이] 본인인증 시 이미 가입한 회원으로 인증이 불가합니다.,"고객님의 정보로 이미 가입된 아이디가 존재할 경우 추가 본인인증이 제한됩니다. 다음의 경로를 통해 본인의 아이디를 찾은 후 로그인해 주시기 바랍니다. 해당 아이디로 다시 본인인증을 한 후 쿠페이를 이용할 수 있습니다.
 아이디 찾기
로그인 → 아이디∙비밀번호 찾기",ORDER,0
162,Q[쿠페이 신용카드] 등록 가능한 신용카드는 무엇인가요?,쿠페이에는 모든 신용카드를 등록할 수 있습니다. (개인 신용카드 및 개인 명의의 법인 신용카드),ORDER,0
163,Q[쿠페이 계좌이체] 은행 점검시간에 결제/취소가 가능한가요?,아니요. 은행 점검 시간에는 쿠페이 계좌이체 결제 및 실시간 취소가 불가할 수 있습니다. 각 은행의 점검 시간은 해당 은행의 홈페이지 또는 고객센터로 문의해 주시기 바랍니다.,ORDER,0
164,Q[쿠페이 계좌이체] 모든 은행의 계좌를 사용할 수 있나요?,"쿠페이에는 다음의 은행 계좌를 등록할 수 있습니다.
 쿠페이에 등록 가능한 은행 계좌
NH농협 신한 우리 기업 하나 국민 새마을금고 우체국 SC제일 대구 부산 경남 광주 신협 수협 산업 전북 제주 씨티은행 카카오뱅크 케이뱅크 토스뱅크",ORDER,0
165,Q[쿠페이] 여러 개의 은행계좌를 등록할 수 있나요?,"네 쿠페이에 은행계좌는 총 10개까지 등록할 수 있습니다. 주로 사용하는 기본계좌 설정뿐 아니라 결제 시마다 [결제수단] 메뉴를 통해 다른 계좌에서의 출금도 선택할 수 있습니다. 쿠페이 은행계좌 등록은 [쿠페이 홈 → 결제수단 관리]에서 할 수 있습니다.
 쿠페이 홈 바로가기 (클릭)",ORDER,0
166,Q[휴대폰결제] 휴대폰 결제란 무엇이며 어떻게 결제해야 하나요?,"휴대폰 결제란 휴대폰 명의자가 문자 서비스로 본인 인증을 한 후 정해진 한도 내에서 결제하는 후불제 결제 수단입니다. 결제 대금은 다음 달 휴대폰 요금에 부과되어 청구됩니다. 결제 한도는 통신사 정책에 따라 각 고객마다 다를 수 있습니다. 결제 한도 확인 및 증액 가능 여부는 이용하시는 통신사로 직접 문의해 주시기 바랍니다. 
 휴대폰 결제 방법
① 주문/결제 페이지에서 결제 수단으로 [휴대폰] 선택
② 이용하는 통신사 선택 후 [결제하기] 클릭
③ 휴대폰 번호 휴대폰 명의자 개인정보 입력 후 [승인번호 요청] 클릭
④ 문자(SMS)로 받은 승인번호 입력 후 [결제하기] 클릭 
 참고사항 
다음의 경우에는 휴대폰 결제가 불가합니다.
• 미성년자 사업자 외국인 명의로 등록된 휴대폰
• 요금 미납 또는 체납 상태의 휴대폰
• 정액 요금제 선불 휴대폰 등
• 서비스 지원 불가 통신사 및 요금제 등",ORDER,0
167,Q[주문] 이미 주문을 완료했는데 상품 옵션을 변경하고 싶어요.,주문 완료 후에는 주문한 상품의 옵션을 변경할 수 없습니다. 변경을 원하실 경우 주문취소 후 다시 주문해 주시기 바랍니다.,ORDER,0
168,Q[신용카드] 신용카드 결제 후 할부 개월 수를 변경할 수 있나요?,"쿠팡에서는 할부 개월 수 변경이 불가합니다. 따라서 결제는 신중히 진행해 주시기 바랍니다. 만약 결제 완료 후 할부 개월 수 변경을 원하신다면 주문을 아예 취소하고 다시 주문/결제해 주시기 바랍니다.
 단 카드사별로 할부 개월 수 변경이 가능한 경우도 있으니 자세한 사항은 사용한 카드사로 직접 문의해 주시기 바랍니다.",ORDER,0
169,Q[복합결제] 복합결제가 가능한가요?,"주 결제수단 간의 복합결제는 지원되지 않습니다. (주 결제수단 : 신용/체크카드 계좌이체 무통장입금 쿠페이 머니 휴대폰결제) 
 단 쿠팡캐시는 다른 주 결제수단 하나와 함께 복합결제가 가능합니다.",ORDER,0
170,Q[쿠페이] 쿠페이에 신용/체크카드를 재등록하고 싶은데 어떻게 해야 하나요?,"아래의 경로를 통해 신용/체크카드를 다시 등록할 수 있습니다. 
 쿠페이 신용/체크카드 등록하기
마이쿠팡 → 결제수단∙쿠페이 → 계좌∙카드 → 결제수단 등록
 ※ 유효기간 만료 등으로 카드를 재발급 받으신 경우엔 새 카드를 다시 등록해 주셔야 합니다. 또한 사용 혼선을 방지하기 위해 기존의 카드는 삭제해 주실 것을 권장합니다.",ORDER,0
171,Q[쿠페이] 쿠페이 머니 인출이 안되는데 어떻게 해야 하나요?,"쿠페이 머니 인출이 어려울 경우 ‘비정상적인 인출 시도로 인해 24시간 동안 인출(환급)이 제한됩니다’ 문구를 확인하실 수 있습니다.
아래와 같은 경우 쿠페이 머니 인출이 제한됩니다.
쿠페이 머니 인출 제한 24시간 이내 200만원 이상 인출을 시도한 경우
• 쿠페이 머니 인출은 24시간 내 200만원 한도 내에서만 가능합니다.
• 24시간 내 200만원 금액 한도 내에서 재인출 시도 시 정상 이용이 가능합니다.
24시간 이내 다수 인출 시도한 경우
• 특정 은행의 경우 24시간 이내 다수 인출 시도를 제한하고 있습니다. 타 은행 이용 또는 24시간 이후 재시도 하시면 정상 이용이 가능합니다.
• 그 외 다양한 사유로 인출이 제한될 수 있습니다.",ORDER,0
172,Q[나중결제] 반품 시 청구 금액은 어떻게 되나요?,"청구일 전 또는 즉시결제 전 반품 시
• 이용 가능 금액이 복구되며 상품 금액이 청구 금액에서 차감됩니다.
• 단 고객 귀책사유인 경우 반품비가 청구일에 청구됩니다.
 청구일 후 또는 즉시결제 후 반품 시
• 나중결제 출금계좌로 환불 금액이 입금됩니다.
• 단 고객 귀책사유인 경우 반품비 차감 후 환불됩니다.
 출금계좌로 입금 실패 시
• 쿠페이머니로 환불되며 쿠페이머니로 환불된 금액도 본인 계좌로 인출이 가능합니다.",ORDER,0
173,Q[나중결제] 출금계좌를 변경/삭제하고 싶어요.,"다른 계좌를 추가하여 나중결제 출금계좌를 변경하거나 삭제할 수 있습니다. 
 나중결제 출금계좌 변경/삭제하기 (모바일에서만 가능 PC에서는 불가)
• 모바일 앱 : 마이쿠팡 → 결제수단∙쿠페이 → 나중결제 → 출금계좌 변경
 ※ 위 경로에서 [나중결제] 배너가 보이지 않는다면 현재 나중결제 서비스 대상 고객이 아닙니다.",ORDER,0
174,Q[나중결제] 나중결제 청구금액을 계좌이체가 아닌 다른 결제수단으로 결제할 수 있나요?,아니요. 현재 나중결제 청구금액 결제는 계좌이체로만 가능합니다.,ORDER,0
175,Q[나중결제] 나중결제 이용금액 결제가 실패되었다는 문자/알림을 받았어요.,"나중결제 출금계좌 잔고를 확인해 주세요. 이체한도 제한이 있을 경우 계좌로 출금이 가능하지 않으니 쿠팡 고객센터(1577-7011)로 연락 주시기 바랍니다.
 • 나중결제 청구일 : 매월 15일
• 나중결제 출금 실패 시 : 매일 출금이 시도됩니다. 
(단 영업일에 한하며 15일이 주말/공휴일인 경우 다음 영업일에 출금)
 나중결제 사용 시 주의사항
• 출금일에 출금이 실패할 경우 다음날부터 연체수수료가 발생합니다.
(단 15일이 주말 및 공휴일인 경우 다음 영업일에 출금 시도)
• 출금 계좌 잔액이 나중결제 청구금액 이상으로 청구금액 전체 인출이 가능한 경우에만 출금이 되며 부분 출금은 되지 않습니다.
• 출금 날짜는 은행과 당사 사정상 변경될 수 있습니다.
• 연체수수료 : 일 0.03% (연 10.95% 윤년은 연 10.98%)
• 청구일에 미납된 경우 즉시 결제로 납부 가능합니다.",ORDER,0
176,Q[나중결제] 청구일 전에 미리 결제할 수 있나요?,"네 아래의 경로를 통해 즉시 결제가 가능합니다. 월별 결제 총액 또는 주문번호별(건별)로 결제할 수 있습니다. 단 쿠팡 모바일 앱에서만 결제가 가능하니 이용에 참고 부탁드립니다. (PC 웹사이트에서는 이용 불가)
 나중결제 즉시 결제하기 (모바일 앱)
마이쿠팡 → 결제수단∙쿠페이 → 나중결제 금액 → 즉시결제",ORDER,0
177,Q[나중결제] 나중결제가 모바일 앱에서는 보이는데 PC 웹사이트에서는 보이지 않아요.,나중결제 서비스는 현재 쿠팡 모바일 앱에서만 사용할 수 있습니다.,ORDER,0
178,Q[무통장 입금] 해외 계좌에서 쿠팡의 무통장 입금(가상계좌)으로 입금 및 주문이 가능한가요?,아니요. 해외 계좌는 환율 등의 문제로 무통장 입금 및 주문 처리가 지원되지 않습니다.,ORDER,0
179,Q[주문] 해외배송상품 중 부정수입물품의 신고는 어떻게 할 수 있나요?,쿠팡은 적법한 절차를 통해 수입되지 않거나 원산지를 속이는 등 부정수입물품의 판매를 금지하고 있습니다. 부정수입물품으로 확인되는 경우 쿠팡 고객센터(1577-7011)로 신고해 주시기 바랍니다.,ORDER,0
180,Q[쿠팡라이브] 라이브 방송에서 쿠폰을 받았는데 결제할 때 확인되지 않습니다.,쿠팡 라이브 쿠폰은 오직 한정된 시간에만 사용할 수 있습니다. 한정된 시간 내 쿠폰을 구매(주문)에 적용하지 않으면 할인쿠폰 목록에서 소멸되므로 쿠폰 이용에 참고해 주세요.,ORDER,0
181,Q[무통장입금] 주문자명과 입금자명이 달라도 무통장입금으로 주문할 수 있나요?,"주문자명과 입금자명이 상이하더라도 입금 가능합니다.
입금기한(24시간)이내 미입금 시 자동취소되므로 금액 원단위까지 일치된 금액을 입금기한 내 입금해주시면 됩니다.",ORDER,0
182,Q[나중결제] 쿠팡 나중결제를 이용한 대리구매 등을 하면 어떻게 되나요?,나중결제 서비스를 이용하는 고객이 타인의 상품을 대리 구매하고 금전을 지급받는 등 본래의 취지와 달리 악용하는 행위는 쿠팡 이용약관 및 쿠팡 서비스 이용 정책을 위반하는 부정행위에 해당하며 적발 시 계약 해제 회원자격 제한 및 민·형사상 법적 조치 등 불이익이 발생할 수 있습니다.,ORDER,0
183,Q[주문] 이미 주문했는데 상품을 추가하고 싶어요.,주문 완료 이후에는 상품을 추가할 수 없습니다. 추가 구매를 원하시면 취소 후 다시 함께 주문하시거나 따로 주문해 주시기 바랍니다.,ORDER,0
184,Q[주문확인] 주문한 내역은 어디에서 삭제하나요?,주문내역 삭제는 [마이쿠팡 → 주문목록]에서 해당 상품에 표시된 ⁝ 버튼을 눌러 삭제할 수 있습니다.,ORDER,0
185,Q[로켓배송] 다른 계정으로 로그인하거나 배송지를 바꾸면 없었던 상품 재고가 있다고 나와요.,로켓배송 상품은 각 지역마다 상품이 출고되는 물류센터가 다르며 물류센터는 보유하고 있는 상품의 종류 재고수량 등이 모두 다릅니다. 이 때문에 배송 주소지 설정에 따라 보이는 상품의 종류나 주문 마감시간이 달라질 수 있습니다.,ORDER,0
186,Q[로켓배송] 상품 가격이 왜 자꾸 바뀌는 건가요?,로켓배송 상품의 경우 시장가를 반영하여 실시간으로 가격이 변동될 수 있으며 로그인 상태 및 프로모션 진행 상황에 따라서도 가격이 변동될 수 있습니다.,ORDER,0
187,Q[휴대폰결제] LGU+는 왜 결제를 못하나요?,LG U+는 소액결제 피해 예방 및 스미싱 사고 방지를 위하여 휴대폰 결제 서비스를 중단하였습니다. 다른 결제수단을 이용하여 주문해 주시기 바랍니다.,ORDER,0
188,Q[쿠페이] 쿠페이 머니 충전 및 자동충전 단위는 어떻게 되나요?,"쿠페이 머니는 10만원 단위로 충전됩니다.
 결제수단을 쿠페이 머니로 선택하여 결제할 경우 잔액이 부족하면 연결 계좌에서 10만원 단위로 자동 충전된 후 결제됩니다. 충전 예정 금액은 주문/결제 페이지의 결제수단 부분에서 확인이 가능하며 충전된 쿠페이 머니는 연결된 계좌로 언제든지 인출이 가능합니다. 
 쿠페이 머니 인출하기
마이쿠팡 → 결제수단∙쿠페이 → 쿠페이 머니 → 인출하기
 • [내 계좌] 이용 시 즉시 인출 가능
• [직접 입력] 등록 후 이용 시 평일(영업일) 기준 1~3일 소요",ORDER,0
189,Q[오픈뱅킹] 오픈뱅킹(자동이체/출금이체 동의)이 등록되었다는 문자가 왔어요. 오픈뱅킹이 무엇인가요?,"오픈 뱅킹이란 핀테크(금융기술) 기업과 은행권이 공동으로 이용할 수 있는 공동 결제 시스템으로 스마트폰에 설치한 응용프로그램(앱)을 통해 모든 은행 계좌에서 결제를 비롯한 잔액 조회 거래내역 조회 계좌 실명 조회 송금인 정보 조회 입금 이체 출금 이체 등의 금융 서비스를 실시간으로 이용할 수 있는 서비스를 말합니다.
 쿠팡은 더욱 편리하고 안전한 결제를 위해 국내 주요 은행과 금융결제원이 제공하는 오픈뱅킹 서비스를 도입하였으며 쿠팡이 이용하는 오픈뱅킹 서비스는 고객님의 계좌 조회 잔액 및 거래내역을 조회할 수 있는 기능은 없기 때문에 안심하고 이용하시길 바랍니다.
 ※ 쿠페이 계좌이체를 이용한 결제/충전 시 오픈뱅킹 미동의 상태라면 약관 동의 후 오픈뱅킹이 등록되고 은행에서 이와 관련된 안내 문자를 받으실 수 있는 점 참고해 주세요.",ORDER,0
190,Q[해외배송] 주문 시 개인통관고유부호를 잘못 입력했거나 입력하지 않았습니다.,"정확한 개인통관고유부호를 확인하신 후 판매자에게 받는 사람(수취인)의 이름 연락처 개인통관고유부호를 전달해주시면 됩니다. 
혹은 통관대행사로부터 연락을 받으셨다면 정보를 전달해 주시면 됩니다.",ORDER,0
191,회수/배송/비용 안내 ,"• 교환 및 반품 접수 후 상품 회수가 가능하도록 재포장하여 회수지에 놓아두세요.
• 접수 후 평일 1~3일 내 배송직원 또는 택배기사 방문하여 상품을 회수합니다. 
• 교환 접수 후 교환 상품 배송까지는 최대 7일이 소요됩니다.
• 교환 접수 시 교환 상품의 배송지 정보와 회수지 정보를 각기 다른 주소지로 설정이 가능합니다.
• 반품 상품이 쿠팡(또는 판매자)에게 도착한 후 결제 승인이 취소됩니다.
• 상품 문제(오배송 물품 하자 등)로 인한 교환이 아닌 경우 고객 부담의 교환 비용이 발생합니다.
• 반품 접수 화면에서 반품비를 제외한 환불 예정금액 확인이 가능합니다. (와우 멤버십 회원은 무료반품 가능)
 로켓배송 상품 : 교환을 신청한 상품이 회수되기 전에 교환 받을 상품이 먼저 배송될 수 있습니다.
로켓직구 상품 : 교환 접수 직후 교환 받을 상품이 발송됩니다. (단순 변심 교환은 불가)
판매자 배송 상품 : 회수된 상품이 판매자에게 도착한 후 교환 받을 상품이 발송됩니다.
선물 받은 상품 : 교환/반품 신청은 쿠팡 고객센터로 문의 바랍니다.",SUB,0
192,교환/반품 가능 기간 ,"구매자 단순 변심의 경우
• 로켓배송 상품 : 배송 완료 후 30일 이내 반품만 가능 (교환은 패션 카테고리만 가능)
• 로켓프레시 상품 : 단순 변심으로 인한 교환/반품 모두 불가
• 로켓직구 상품 : 배송 완료 후 7일 이내 반품만 가능 (교환은 불가)
• 로켓모바일 상품 : 주문일 포함 14일 이내
• 판매자 배송 상품 : 배송 완료 후 7일 이내
 표시 광고 상이 물품 하자(초기불량)의 경우
물품을 수령한 날부터 3개월 이내 또는 그 사실을 알거나 알 수 있었던 날부터 30일 이내
 파손/불량/오배송 등(판매자 귀책)의 경우
물품을 수령한 날부터 3개월 이내 또는 그 사실을 알거나 알 수 있었던 날부터 30일 이내
 단 상품에 따라 교환/반품 조건이 다르므로 정확한 내용은 구매한 상품의 상세페이지 내 배송/교환/반품/판매자 안내를 참고하시기 바랍니다.",SUB,0
193,판매자 정보 확인하기 ,"로켓배송 로켓프레시 로켓모바일 로켓직구 상품은 쿠팡 고객센터로 문의 부탁드리며 판매자 배송 상품은 아래의 경로를 통해 판매자에게 직접 문의하실 수 있습니다. (마이쿠팡 주문목록에서 판매자 문의 메뉴는 판매자 배송 상품인 경우에만 노출됩니다.)
 판매자에게 문의하기
• 마이쿠팡 → 주문목록 → 상품선택 → [판매자 문의] 선택
• 상품 상세페이지 내 배송/교환/반품/판매자 안내에서도 판매자 연락처 확인 가능",SUB,0
194,교환/반품 제한사항 ,"공통사항
• 주문제작 상품의 상품 제작이 이미 진행된 경우
• 고객의 사용 시간 경과 일부 소비에 의하여 상품의 가치가 현저히 감소한 경우
• 세트 상품 일부 사용 구성품을 분실하였거나 취급 부주의로 인한 파손/고장/오염으로 재판매 불가한 경우
• 모니터 해상도의 차이로 인해 색상이나 이미지가 실제와 다르다고 고객의 단순 변심으로 무료 교환/반품을 요청하는 경우
• 제조사의 사정(신모델 출시 부품가격 변동 등)에 의해 무료 교환/반품을 요청하는 경우
• 해외배송 상품이 세관에 걸려있을 경우 (상품 수령 후 가능)
• 해외배송 상품의 현지 사정이나 판매에 대한 가격 정책 등에 따라 제품의 가격 변동 사유로 인한 경우
 의류/잡화/수입명품/계절상품/식품/화장품
• 상품의 택(TAG) 및 라벨의 멸실 또는 훼손 상품의 사용 또는 훼손 구성품 누락으로 상품의 가치가 현저히 감소된 경우 
• 신선/냉장/냉동 상품의 단순 변심의 경우
• 뷰티 상품 이용 시 트러블(알레르기 붉은 반점 가려움 따가움 등)이 발생한 경우 진료 확인서 및 소견서 등을 증빙하면 환불이 가능(단 제반 비용 고객 부담)
 전자/가전/설치상품
• 설치 또는 사용하여 재판매가 어려운 경우
• 원 상품의 박스(포장재)가 사용할 수 없는 정도로 파손이 된 경우
• 개인 계정(Apple ID 등)으로 잠금을 해 두어 초기화가 불가능한 경우
• 상품의 시리얼 넘버 유출로 내장된 소프트웨어의 가치가 감소한 경우(내비게이션 OS 시리얼이 적힌 PMP)
• 홀로그램 등을 분리 분실 훼손하여 상품의 가치가 현저히 감소하여 재판매가 불가한 경우(노트북 데스크톱 PC 등)
 CD/DVD/게임/도서
• 복제가 가능한 상품의 포장 등을 훼손한 경우
 자동차용품
• 상품을 개봉하여 장착한 이후 단순 변심인 경우",SUB,0
195,구매자 단순 변심의 경우 ,"로켓배송 상품
• 와우 멤버십 회원 : 무료
• 와우 멤버십 비회원
ㆍ총 주문금액 - 반품 상품금액 = 19800원 미만인 경우 반품비 5000원 차감 후 환불
ㆍ총 주문금액 - 반품 상품금액 = 19800원 이상인 경우 반품비 2500원 차감 후 환불
 로켓직구 상품
• 와우 멤버십 회원 : 5000원 (미국 직구 2600원)
• 와우 멤버십 비회원
ㆍ총 주문금액 - 반품 상품금액 = 29800원 미만인 경우 반품비 5000원 차감 후 환불 (미국 직구 2600원)
ㆍ총 주문금액 - 반품 상품금액 = 29800원 이상인 경우 반품비 2500원 차감 후 환불 (미국 직구 2500원)
• 단 TV 및 일부 전자기기와 같은 특정 제품(다이슨 로봇청소기 등)은 2600원/5000원 보다 높은 교환/반품비가 적용될 수 있음
 판매자 배송 상품
• 배송 지시 이후 최초 배송비를 포함한 왕복 배송비 차감 후 환불
• 반품비는 판매자 및 상품에 따라 상이하며 상황에 따라 별도 입금이 요청될 수 있음
• 도서산간 지역 설치 상품 업체에서 직접 배송하는 상품의 경우 반품비가 추가될 수 있음",SUB,0
196,반품 비용 확인 방법 ,"반품 접수 이전 반품 비용 확인 방법
• 마이쿠팡에서 반품 신청 시 마지막 단계에서 반품 비용 확인 가능
• 상품 상세페이지 → 배송/교환/반품/판매자 안내에서 확인 가능
 반품 접수 이후 반품 비용 확인 방법
마이쿠팡 → 취소∙반품∙교환목록 → 상품선택 → [반품상세] ",SUB,0
197,반품 재포장 방법 ,"쿠팡 배송 상품
• 반품하는 로켓배송 상품은 미리 재포장해 주시고 포장 겉면에 [쿠팡 반품]이라고 적어주세요.
• 쿠팡 상자가 아닌 다른 상자로 포장해도 괜찮지만 원활한 회수를 위해 포장 겉면에 [쿠팡 반품]이라고 반드시 적어주세요.
• 반품하는 로켓배송 상품이 여러 개인 경우 하나의 상자에 같이 포장해 주셔도 상품 회수가 가능합니다. (단 판매자 배송 상품과 로켓직구 상품은 구분하여 따로 포장해 주셔야 합니다.)
• DIY(조립) 상품의 경우 조립을 해체한 후 재포장 해주세요. 
 판매자 배송 상품 (일반 택배사에서 배송하는 일반 판매자 상품)
• 반품하는 상품은 미리 재포장해 주시고 회수지에 놓아두세요.
• 최초에 수령하신 상자가 훼손된 경우에는 다른 상자에 포장해 주셔도 됩니다.
• 여러 판매자의 상품을 반품하는 경우에는 각 택배기사가 알아볼 수 있도록 잘 구분해 주세요.
 유의사항
• 일반 택배사(예 : 우체국택배 한진택배 등)에서 배송하는 판매자 배송 상품은 반품 시 [판매자 반품]이라고 적어주세요. 그렇지 않고 판매자 배송 상품에도 [쿠팡 반품]이라고 적으면 쿠팡으로 잘못 회수될 수 있습니다. 판매자 배송 상품은 쿠팡이 아닌 판매자에게 회수되어야 하는 점을 유의해 주세요.
• 판매자 배송 상품 구분 방법 : 판매자 배송 상품은 일반 택배사의 운송장이 붙어있고 주문목록 상품 리스트에 로켓 배지가 없습니다. ",SUB,0
198,반품 접수 후 회수 일정 안내 ,"로켓배송 상품
• 고객센터를 통해 접수한 경우 : 접수일로부터 평일(영업일) 기준 1일 이내 배송직원 방문 예정 (도서산간 지역은 접수일 +3~4일 더 소요)
• 마이쿠팡을 통해 직접 접수한 경우 : 선택한 회수 예정일에 배송직원 방문 예정 
 로켓직구 상품
반품 접수일로부터 평일(영업일) 기준 1~3일 이내 택배기사 방문 예정
 판매자 배송 상품 
• 일반택배 : 반품 접수일로부터 평일(영업일) 기준 3일 이내 택배기사 방문 예정
• 화물택배 : 반품 접수일로부터 평일(영업일) 기준 6일 이내 택배기사 방문 예정
• 업체직송 : 판매자 별도 연락 예정",SUB,0
199,판매자 배송 상품의 반품 상품을 직접 발송할 경우 ,"• 원활한 반품 진행을 위해 판매자에게 연락하시어 계약된 택배사를 통해 발송해 주시기 바랍니다.
• 판매자와 계약하지 않은 다른 택배사를 통해 상품을 반송할 경우 추가 배송비(추가 반품 비용)가 부과될 수 있습니다.
• 판매자 배송 상품의 배송/회수 일정 확인은 판매자 또는 택배사 고객센터로 문의해 주시기 바랍니다. ",SUB,0
200,단순 변심 교환의 경우 ,"로켓배송 상품
• 패션 카테고리 : 무료 교환
• 패션 외 카테고리 : 단순 변심일 경우 교환 불가 반품 후 재구매 
 로켓직구 상품
단순 변심일 경우 교환 불가 반품 후 재구매
 판매자 배송 상품
단순 변심일 경우 교환 불가 반품 후 재구매",SUB,0
201,단순 변심 반품의 경우 ,"로켓배송 상품
• 와우 멤버십 회원 : 무료
• 와우 멤버십 비회원
ㆍ총 주문금액 - 반품 상품금액 = 19800원 미만인 경우 반품비 5000원 차감 후 환불
ㆍ총 주문금액 - 반품 상품금액 = 19800원 이상인 경우 반품비 2500원 차감 후 환불
 로켓직구 상품
• 와우 멤버십 회원 : 5000원 (미국 직구 2600원)
• 와우 멤버십 비회원
ㆍ총 주문금액 - 반품 상품금액 = 29800원 미만인 경우 반품비 5000원 차감 후 환불 (미국 직구 2600원)
ㆍ총 주문금액 - 반품 상품금액 = 29800원 이상인 경우 반품비 2500원 차감 후 환불 (미국 직구 2500원)
• 단 TV 및 일부 전자기기와 같은 특정 제품(다이슨 로봇청소기 등)은 2600원/5000원 보다 높은 교환/반품비가 적용될 수 있음
 판매자 배송 상품
• 배송 시작 이후 최초 배송비를 포함한 왕복 배송비 차감 후 환불
• 반품비는 판매자 및 상품에 따라 상이하며 상황에 따라 별도 입금이 요청될 수 있음
• 도서산간 지역 설치 상품 업체에서 직접 배송하는 상품의 경우 반품비가 추가될 수 있음",SUB,0
202,반품 가능 기간 ,"로켓배송 상품 : 배송 완료 후 30일 이내
로켓프레시 상품 : 단순 변심으로 인한 반품 불가
로켓직구 상품 : 배송 완료 후 7일 이내
로켓모바일 상품 : 주문일 포함 14일 이내
판매자 배송 상품 : 배송 완료 후 7일 이내
티켓 상품 : 티켓의 사용 유효기간 전까지
 단 상품에 따라 반품 조건이 다르므로 정확한 내용은 구매한 상품의 상세페이지 내 배송/교환/반품/판매자 안내를 참고하시기 바랍니다.",SUB,0
203,로켓직구 단순 변심 반품 비용 ,"• 와우 멤버십 회원 : 5000원 (미국 직구 2600원)
• 와우 멤버십 비회원
ㆍ총 주문금액 - 반품 상품금액 = 29800원 미만인 경우 반품비 5000원 차감 후 환불 (미국 직구 2600원)
ㆍ총 주문금액 - 반품 상품금액 = 29800원 이상인 경우 반품비 2500원 차감 후 환불 (미국 직구 2500원)
• 단 TV 및 일부 전자기기와 같은 특정 제품(다이슨 로봇청소기 등)은 2600원/5000원 보다 높은 교환/반품비가 부과될 수 있음",SUB,0
204,결제수단별 환불 일정 ,"• 신용/체크카드 : 영업일(평일) 기준 3~7일 이내 카드사 승인 취소
• 무통장입금 : 영업일(평일) 기준 2~3일 이내 등록된 환불계좌로 환불
－본인이 예금주인 계좌만 등록 가능하며 쿠페이 회원은 환불계좌 미등록 시 쿠페이 머니로 환불
• 휴대폰결제 : 평일(영업일) 기준 2일 내 한도 복구 
－결제 월과 취소 월이 다르거나 휴대폰 해약 등으로 승인 취소가 불가피한 경우 등록된 환불계좌로 환불
－쿠페이 회원은 환불계좌 미등록 시 쿠페이 머니로 환불되며 결제금액은 휴대폰 요금에 청구
• 쿠페이머니 : 당일 환불 (카카오뱅크 계좌이체는 환불 요청일로부터 3일 이내 환불)
• 쿠팡캐시 : 취소 완료 후 당일 캐시 적립",SUB,0
205,교환 시 회수/배송 예상 기간 ,"로켓배송 상품
• 회수 : 접수일로부터 평일(영업일) 기준 1일 이내 쿠팡친구 방문 예정
• 배송 : 접수일로부터 평일(영업일) 기준 1~2일 이내
• 단 협력 택배사 배송지역은 위 기간에서 1~2일 추가
 로켓직구 상품
• 회수 : 접수일로부터 평일(영업일) 기준 1~3일 이내 택배기사 방문 예정
• 배송 : 접수일로부터 평일(영업일) 기준 1~7일 이내
 판매자 배송 상품
• 회수
－일반택배 : 접수일로부터 평일(영업일) 기준 3일 이내 택배기사 방문 예정
－화물택배 : 접수일로부터 평일(영업일) 기준 6일 이내 택배기사 방문 예정
－업체직송 : 판매자 별도 연락 예정
• 배송 : 접수일로부터 평일(영업일) 기준 5~7일 이내
 ※ 위 기간은 일반적인 상황에서의 예상 기간입니다. 재고 판매자 택배사 등 예상치 못한 변수가 발생하면 회수 및 배송 기간은 위에 언급된 것보다 더 소요될 수 있습니다. ",SUB,0
206,단순 변심 반품 비용 ,"로켓배송 상품
• 와우 멤버십 회원 : 무료
• 와우 멤버십 비회원
ㆍ총 주문금액 - 반품 상품금액 = 19800원 미만인 경우 반품비 5000원 차감 후 환불
ㆍ총 주문금액 - 반품 상품금액 = 19800원 이상인 경우 반품비 2500원 차감 후 환불
 로켓직구 상품
• 와우 멤버십 회원 : 5000원 (미국 직구 2600원)
• 와우 멤버십 비회원
ㆍ총 주문금액 - 반품 상품금액 = 29800원 미만인 경우 반품비 5000원 차감 후 환불 (미국 직구 2600원)
ㆍ총 주문금액 - 반품 상품금액 = 29800원 이상인 경우 반품비 2500원 차감 후 환불 (미국 직구 2500원)
• 단 TV 및 일부 전자기기와 같은 특정 제품(다이슨 로봇청소기 등)은 2600원/5000원 보다 높은 교환/반품비가 적용될 수 있음
 판매자 배송 상품
• 배송 시작 이후 최초 배송비를 포함한 왕복 배송비 차감 후 환불
• 반품비는 판매자 및 상품에 따라 상이함
• 도서산간 지역 설치 상품 업체에서 직접 배송하는 상품의 경우 반품비가 추가될 수 있음",SUB,0
207,예시 살펴보기 ,"예시1) 5만원 이상 구매 시 무료배송인 경우
• 구매: A상품 4만원 + B상품 2만원 = 총 6만원 (무료배송 조건 충족)
• 취소: B상품 2만원 부분 취소 = 남은 상품 금액 총 4만원 (무료배송 조건 불충족)
• 환불: 부분 취소한 B상품 2만원에서 배송비를 차감한 후 남은 금액이 환불됩니다.
 예시2) 1만원 이상 구매 시 무료배송인 경우
• 구매: A상품 2천원 * 5개 = 총 1만원 (무료배송 조건 충족)
• 취소: A상품 5개 중 1개 부분 취소 = 남은 상품 금액 총 8천원 (무료배송 조건 불충족)
• 환불: 부분 취소한 A상품의 1개 금액이 배송비보다 작기 때문에 배송비를 입금한 후 부분 취소한 상품의 전액이 환불됩니다.",SUB,0
208,택배사 확인하기  ,마이쿠팡 → 주문목록 → 상품선택 → 배송조회,SUB,0
209,로켓배송 상품 ,기상 상황 주문량 증가 등 예외적인 사유 발생 시 배송예정일보다 배송이 다소 지연될 수 있습니다. 배송 지연이 발생하면 변경된 배송예정일을 별도로 안내해 드립니다. 마이쿠팡에서 주문한 상품의 배송예정일 확인이 가능하며 지연으로 상품이 필요 없어진 경우엔 주문취소를 부탁드립니다. 단 배송상태에 따라 주문취소가 불가한 단계이면 반품 접수로 진행될 수 있습니다. 신선/냉장/냉동 상품은 재판매가 불가한 상품의 특성상 단순 변심에 의한 반품이 제한됩니다.,SUB,0
210,로켓직구 상품 ,현지 상황 항공기/선박 일정 주문량 증가 등 예외 사유 발생 시 배송예정일 보다 배송이 다소 지연될 수 있습니다. 해외에서 발송되는 상품이기에 통관 과정에서 지연될 수 있으며 이러한 경우 관세사에서 고객님께 연락을 드리고 있습니다. 관세사에서 연락을 받지 못하셨고 구매 당시에 확인된 배송예정일 내에 상품을 받지 못하셨다면 마이쿠팡에서 무료로 주문취소 신청이 가능합니다.,SUB,0
211,판매자 배송 상품 ,"상품이 아직 택배사에서 출발하지 않은 상태에서 운송장이 먼저 등록될 경우 상품준비중 단계에서 멈춰 있을 수 있습니다. 또한 택배사에서 배송이 지연될 경우 배송 중에 배송 흐름이 멈춰 있을 수 있습니다. 구매 당시에 확인된 배송예정일 내에 상품을 받지 못하셨다면 마이쿠팡에서 무료로 주문취소 신청이 가능합니다.
 택배사에 문의하기
• 마이쿠팡 → 주문목록 → 상품선택 → [택배 배송기사에게 전화하기]
• 택배기사 연락처는 배송완료 직후까지만 확인할 수 있습니다.
 판매자에 문의하기
• 마이쿠팡 → 주문목록 → 상품선택 → [‘판매자명’에 문의하기]
• 상품 상세페이지 내 배송/교환/반품/판매자 안내에서 판매자 연락처 확인 가능
 주문 취소하기
• 마이쿠팡 → 주문목록 → 상품선택 → [주문취소] 
• 이후 각 단계에 해당하는 항목을 선택하여 취소를 완료합니다.",SUB,0
212,판매자 배송 상품 참고사항 ,"• 판매자 배송 상품의 경우 '자세히 보기' 아래의 송장번호를 클릭한 후 배송조회를 클릭하면 각 택배사 페이지를 통해서도 상세한 배송 현황을 확인할 수 있습니다.
• 배송 현황이 확인되지 않는다면 아직 출고 작업 중이거나 주문 당일 상품을 발송하여 시스템에 운송장 번호가 등록되지 않은 상황입니다.",SUB,0
213,로켓배송 상품을 받지 못한 경우 ,"• 마이쿠팡 → 주문목록 → 상품선택 → [교환 반품신청]
• 이후 각 단계에 해당하는 항목을 선택하여 신청을 완료합니다.",SUB,0
214,판매자 배송 상품을 받지 못한 경우 ,"택배사에 문의하기
• 마이쿠팡 → 주문목록 → 상품선택 → [택배 배송기사에게 전화하기]
• 택배기사 연락처는 배송완료 직후까지만 확인할 수 있습니다.
 판매자에 문의하기
• 마이쿠팡 → 주문목록 → 상품선택 → [‘판매자명’에 문의하기]
• 상품 상세페이지 내 배송/교환/반품/판매자 안내에서 판매자 연락처 확인 가능",SUB,0
215,선물 받은 상품을 받지 못한 경우 ,"• 받는 사람에게 발송된 문자 또는 카카오톡 메시지 내 [배송조회] 링크 접속하여 관련 정보 재확인
• 이후에도 확인이 어려운 경우 쿠팡 고객센터로 연락 주시기 바랍니다.",SUB,0
216,교환/반품 안내사항 ,"• 반품 비용을 제외한 환불 예정금액은 반품 접수 화면에서 확인이 가능합니다.
• 교환 접수 시 평일 1~3일 내로 배송직원 또는 택배기사가 방문하여 상품을 회수합니다. 
• 교환 접수 시 새 상품의 배송까지는 최대 7일이 걸립니다.
• 상품 문제로 인한 교환이 아닌 경우 교환 비용이 발생하며 고객님께서 부담하게 됩니다.",SUB,0
217,파손에 의한 교환/반품 가능 기간 ,"파손/불량/오배송 등(판매자 귀책)의 경우
물품을 수령한 날부터 3개월 이내 또는 그 사실을 알거나 알 수 있었던 날부터 30일 이내
 표시 광고 상이 물품 하자(초기불량)의 경우
물품을 수령한 날부터 3개월 이내 또는 그 사실을 알거나 알 수 있었던 날부터 30일 이내
 단 상품에 따라 교환/반품 조건이 다르므로 정확한 내용은 구매한 상품의 상세페이지 내 배송/교환/반품/판매자 안내를 참고하시기 바랍니다. ",SUB,0
218,쿠팡 배송직원의 배송이 가능/불가능할 경우 ,"쿠팡 배송직원의 배송 가능 지역
• 당일 밤 12시까지 결제완료 시 내일 상품 도착(토/일/공휴일 포함)
• 로켓배송 배지 노출
 쿠팡 배송직원의 배송 불가 지역
• 협력택배사를 통해 배송되어 와우 멤버십 및 로켓프레시 이용 제한
• 결제일 기준 D+2 소요(일/공휴일 제외)
• +2일 갈색 배지 노출",SUB,0
219,배송현황 확인하기 ,"• 마이쿠팡 → 주문목록 → 상품선택 → 배송조회
• 주문/결제 시 선택한 배송주소지에 따른 배송예정일 확인 가능",SUB,0
220,이미지로 확인하기 ,,SUB,0
221,영수증 확인 및 출력하기 ,"기간별 일괄 확인하기 (PC에서만 가능)
① 마이쿠팡 → MY쇼핑 → 영수증 조회/출력 이동
② [현금영수증] 또는 [신용카드 매출전표] 탭 선택
③ [현금영수증 신청내역] 또는 [신용카드 매출전표 신청내역] 선택
④ [영수증 출력] 선택
⑤ [프린트하기] 선택 
 주문 개별 확인하기
① 마이쿠팡 → MY쇼핑 → 주문목록 이동
② 해당 주문에서 [주문 상세보기] 선태
③ 하단 [결제영수증 정보] 
④ [현금영수증] 또는 [카드영수증] 선택
⑤ [프린트하기] 또는 [출력] 선택 
 기타 안내사항
• 2015년 7월 16일 이전 무통장 입금의 경우 국세청 홈페이지를 통해 확인 부탁드립니다. 
• 휴대폰 결제의 경우 [결제영수증 조회/발급] → 결제대행사(PG사)의 거래내역 조회 페이지 연결
• 휴대폰 결제 영수증의 경우 결제 후 다음 달 휴대폰 요금을 납부하시면 통신사에서 영수증을 자동 발행합니다.
• 쿠페이 휴대폰 결제수단 등록은 2018년 11월 5일부로 종료되었습니다. (단 이전 등록 고객은 계속 이용가능)",SUB,0
222,현금영수증 신청하기 ,"주문/결제 시 신청하기
• 상품 선택 후 주문/결제 페이지 [현금영수증]란에서 등록/변경 가능
• 계좌이체 쿠페이머니 무통장입금(가상계좌) 현금성캐시(기프트카드)를 결제 수단으로 선택할 때만 현금영수증란 노출  
 주문/결제 전 신청하기 (쿠페이)
마이쿠팡 → 결제수단∙쿠페이 → [현금영수증 설정]란에서 등록/변경 가능",SUB,0
223,현금영수증 소득공제 혜택을 위한 정보 ,"• 반드시 국세청 홈페이지에 최초 1회 가입하셔야 합니다.
• 국세청 회원가입 시점으로부터 24시간 이후부터는 기존에 발급받은 영수증 조회 및 혜택을 모두 소급 받으실 수 있습니다.
 현금영수증 문의
• 국세청 고객센터 전화번호 : 국번없이 126
• 국세청 홈페이지 : https://www.hometax.go.kr/
• 국세청 홈페이지 로그인 후 조회/발급 메뉴에서 현금영수증 사용내역(소득공제) 조회 및 출력 가능",SUB,0
224,자진발급분 등록 방법 ,"① 국세청 홈페이지 로그인 (https://www.hometax.go.kr)
② 조회/발급 → 현금영수증 수정 → 자진발급분 소비자등록
③ 승인번호 거래일자 금액 입력 (승인번호 확인 방법은 아래와 같습니다.)
• 무통장 입금 : 현금영수증 발행 안내 메일에서 확인 가능
• 쿠페이 계좌이체/쿠페이 머니 : 마이쿠팡 → 주문목록 → 주문 상세보기 → 결제영수증 정보 → 현금영수증 
④ 위 정보 입력 후 ‘조회’ 버튼 클릭하여 내역 확인 후 ‘등록’ 버튼 클릭
⑤ 현금영수증 자진발급 등록 완료
 ※ 자진발급분은 결제 당일에는 데이터가 국세청으로 전송되지 않아 조회할 수 없습니다. 거래일 다음 날부터 등록이 가능합니다.",SUB,0
225,환불계좌 등록하기 ,마이쿠팡 → 취소/반품/교환/환불내역 → 무통장환불 → [입력하기] ,SUB,0
226,별도 환불이 진행되는 경우 ,"• 결제 월과 취소 월이 다르거나 휴대폰 해약 등으로 승인 취소가 불가피한 경우 등록된 환불계좌로 환불됩니다.
• 쿠페이 회원은 환불계좌 미등록 시 쿠페이 머니로 환불되며 결제금액은 휴대폰 요금에 청구됩니다.
• 현금 환불이 필요한 경우 아래 경로로 환불계좌를 등록해 주시면 현금 환불이 가능합니다.
• 환불은 '쿠팡(주식회사 쿠팡)' 명으로 입금됩니다.",SUB,0
227,무통장입금 환불 진행 상태 안내 ,"• 환불대기 : 고객님께 환불이 필요한 상태로 본인의 환불계좌를 등록 및 변경해 주시기 바랍니다.
• 환불진행중 : 환불계좌가 등록된 상태로 평일 기준 2~3일 이내에 환불 금액이 입금됩니다.
• 환불완료 : 등록된 환불계좌로 입금 처리가 완료된 상태입니다. ",SUB,0
228,쿠팡캐시 확인하기 ,"• 마이쿠팡 → 쿠팡캐시 → [쿠팡캐시 적립 및 사용내역] 확인
• 유효기간 내 사용하지 않은 쿠팡캐시는 만료일 자정에 자동으로 소멸되니 [한 달 이내 소멸예정]에서 미리 확인해 주시기 바랍니다.",SUB,0
229,Q[배송일정] 주문한 상품은 언제 배송되나요?,"배송 예정일은 마이쿠팡을 통해 직접 확인할 수 있습니다.
 배송현황 확인하기
마이쿠팡 → 주문목록 → 상품선택 → 배송조회
 배송조회 후 상단 ‘자세히 보기’를 클릭하면 시간대 별 배송현황을 확인할 수 있습니다. 배송 메시지는 모바일앱 홈 오른쪽 상단 알림센터에서도 확인이 가능합니다.
 배송 예정일은 판매자 및 배송지에 따라 차이가 있으며 도서산간 지역 등은 3~5일 더 소요될 수 있습니다. 악천후 천재지변 물량 수급 변동 명절 연휴 등 예외적인 사유가 발생하면 다소 지연될 수 있는 점 양해 부탁드립니다.",DELIVERY,0
230,Q[배송] 배송 상태가 멈춰 있어요.,"악천후 천재지변 주문량 증가 출고작업 지연 명절 연휴 등 예외적인 사유 발생 시 배송 예정일보다 배송이 다소 지연될 수 있습니다. 상품 유형별 배송지연 사유 확인 및 처리 방법에 대해서는 다음을 참고해 주시기 바랍니다. 
 로켓배송 상품 (클릭)
 로켓직구 상품 (클릭)
 판매자 배송 상품 (클릭)",DELIVERY,0
231,Q[배송일정] 배송 중인 상품의 위치를 알고 싶어요.,"배송현황은 마이쿠팡에서 직접 확인이 가능합니다. 
 배송현황 확인하기
마이쿠팡 → 주문목록 → 상품선택 → 배송조회
 배송조회 후 상단 ‘자세히 보기’를 클릭하면 시간대 별 배송현황을 확인할 수 있습니다. 배송 메시지는 모바일앱 홈 오른쪽 상단 알림센터에서도 확인이 가능합니다.
 판매자 배송 상품 참고사항 (클릭)",DELIVERY,0
232,Q[로켓배송] 로켓배송 상품을 19800원 미만으로 구매하고 싶어요.,"로켓배송 상품은 최소 주문금액 19800원 이상이 충족돼야만 구매가 가능합니다. 단 와우 멤버십 회원은 최소 주문금액 제한 없이 무조건 무료 배송으로 상품을 구매할 수 있습니다.
 로켓배송 상품은 쿠팡에서 직접 판매하며 쿠팡의 자체 배송 서비스를 이용합니다. 19800원 미만은 배송비를 지불할 의사가 있으셔도 구매가 불가능한 점 양해 부탁드립니다.",DELIVERY,0
233,Q[배송완료미수령] 상품을 받지 못했는데 배송완료로 확인됩니다.,"배송상태가 [배송완료]로 확인되나 상품을 받지 못했다면 다음을 먼저 확인해 주시기 바랍니다.
 로켓배송 상품인 경우
• 배송완료 문자 또는 대리 수령 가능 장소(경비실 이웃 주변 편의점 등) 확인
• 마이쿠팡 → 주문목록 → 상품선택 → [배송조회] 클릭 후 배송 사진 확인
 판매자 배송 상품인 경우
• 배송완료 문자 또는 대리 수령 가능 장소(경비실 이웃 주변 편의점 등) 확인
 위 안내사항을 확인한 후에도 배송된 상품을 찾을 수 없다면 다음의 방법으로 직접 처리가 가능합니다.
 로켓배송 상품을 받지 못한 경우 (클릭)
 판매자 배송 상품을 받지 못한 경우 (클릭)
 선물 받은 상품을 받지 못한 경우 (클릭)",DELIVERY,0
234,Q[상품파손] 배송 받은 상품이 파손되었어요.,"상품이 파손되어 배송된 경우 정해진 기간 내에 교환 및 반품이 가능합니다. 마이쿠팡을 통해 교환 및 반품을 직접 신청해 주시거나 신청이 불가한 경우 고객센터로 연락 주시기 바랍니다. 
 교환/반품하기
마이쿠팡 → 주문목록 → 상품선택 → [교환 반품신청] 클릭
이후 각 단계에 해당하는 항목을 선택하여 신청을 완료합니다.
 교환/반품 안내사항 (클릭)
 파손에 의한 교환/반품 가능 기간 (클릭)",DELIVERY,0
235,Q[해외배송] 개인통관고유부호 발급 및 입력 방법을 알고 싶어요.,"개인통관고유부호란 해외배송 상품을 통관할 때 주민등록번호 대신 사용하는 13자리 부호(P+12개의 숫자)입니다. 해외배송 상품을 구매하려면 개인통관고유부호 입력은 필수 사항입니다. 개인통관고유부호는 상품을 ‘받는 사람(수취인)’의 정보로 입력하셔야 합니다. 구매한 사람과 받는 사람이 다른 경우엔 입력에 유의를 부탁드립니다.
 개인통관고유부호 발급 경로
• 관세청 개인통관고유부호 발급사이트(클릭) 
• 본인 인증을 거친 후 성함 핸드폰 번호 등 간단한 정보를 입력하면 발급이 가능합니다.
 개인통관고유부호 입력 시 유의사항
• 관세청에 등록된 이름과 연락처가 쿠팡에서 주문할 때 입력한 ‘받는사람(수취인)’의 정보와 반드시 일치해야 합니다. 
• 쿠팡에 입력한 ‘받는사람(수취인)’의 이름 외 다른 정보가 포함되면 안 됩니다. (예) 김쿠팡(집) 김쿠팡(회사) 등",DELIVERY,0
236,Q[상품누락] 상품을 구매했는데 일부만 배송되었어요.,"상품이 누락되었다면 교환을 통해 상품을 다시 받거나 반품 후 환불을 받을 수 있습니다. 구성품의 일부가 누락된 경우에는 부분 배송이 불가하므로 상품 전체를 교환/반품으로 진행해 주시기 바랍니다. 교환 및 반품은 아래의 경로를 통해 직접 신청이 가능합니다.
 교환/반품 신청하기
• 마이쿠팡 → 주문목록 → 상품선택 → [교환 반품 신청] 선택
• 이후 각 단계에 해당하는 항목을 선택하여 신청을 완료합니다.",DELIVERY,0
237,Q[로켓배송] 새벽배송 상품이 왜 공동현관문 앞에 배송되었나요?,"새벽배송 상품은 주문 시 입력하신 [새벽배송 수령방법] 위치로 배송됩니다. 고객님께서 수령방법을 문 앞으로 요청했으나 새벽에 문 앞까지 갈 수 없는 경우에는 부득이하게 1층 공동현관문 앞(또는 그 외 장소)으로 배송해 드릴 수 있습니다. [새벽배송 수령방법]에 공동현관 출입번호를 꼭 입력해 주시기 바랍니다.
 공동현관 출입번호 입력하기
마이쿠팡 → 내정보관리 → 주소록 관리 → [수정] 클릭
이후 원하는 주소지의 새벽배송 공동현관 출입번호를 입력합니다.",DELIVERY,0
238,Q[프레시백] 프레시백은 언제까지 어떻게 반납해야 하나요?,"프레시백은 배송 받으신 후 60일 이내에 반납이 필요하며 다음 주문 시 문 앞에 두면 배송과 함께 수거합니다. 또한 로켓프레시 뿐 아니라 로켓와우 로켓배송 주문 시에도 관계없이 반납이 가능하며 미반납 시 등록된 와우 멤버십 결제수단으로 지연 사용료가 부과됩니다. 지연 사용료는 프레시백 1개당 8000원이며 프레시백 반납 시 자동으로 환불됩니다. 다음 주문까지 기다리기 어렵다면 아래의 경로에서 수거요청 버튼을 눌러주세요. 배송직원이 방문하여 수거합니다.
 프레시백 수거 요청하기
마이쿠팡 → 로켓프레시 프레시백 → [수거요청] 클릭",DELIVERY,0
239,Q[배송일정] 배송상태가 계속 상품 준비 중입니다.,"배송상태가 ‘상품준비중’인 단계는 판매자가 고객님의 주문을 확인하고 상품을 포장하여 배송을 준비하는 상태입니다. 갑작스러운 주문량 증가 등 판매자 측에 예상치 못한 상황이 발생할 경우 ‘상품준비중’ 단계가 길어질 수 있습니다. 또한 해외배송 상품의 경우 시차로 인해 주문 확인 및 상품 준비에 시간이 더 소요될 수 있습니다.
 상품 준비가 길어져 주문 취소를 원할 경우 마이쿠팡 주문목록에서 직접 취소가 가능합니다. 기다렸다가 상품 수령을 원할 경우 판매자에게 배송일정을 문의해 주시기 바랍니다. 
 판매자 정보 확인하기 (클릭)",DELIVERY,0
240,Q[로켓배송] 로켓와우(새벽배송 당일배송 로켓프레시) 이용이 안 돼요.,"지역에 따라 로켓와우(새벽배송 당일배송 로켓프레시) 상품 구매 혜택이 적용되지 않을 수 있습니다. 고객님께서 입력하신 기본 배송지가 로켓와우 서비스 가능 지역인지 확인을 부탁드립니다. 쿠팡은 앞으로 새벽배송 당일배송 로켓프레시 서비스 범위를 점차 넓혀가고 더 많은 고객님들이 이용하실 수 있도록 준비 중이니 양해를 부탁드립니다.
 로켓와우 가능 지역 확인하기
• 마이쿠팡 → MY정보 → [배송지 관리] 클릭
• 이름 아래 [로켓와우 가능] [로켓프레시 가능] 배지 있는지 확인",DELIVERY,0
241,Q[배송일정] 로켓배송의 배송예정일이 늘어났어요.,"배송예정일은 출고 및 배송 상황에 따라 변경될 수 있습니다. 또한 악천후와 명절 같은 예외적인 사유 발생 시에도 배송예정일이 늘어날 수 있습니다. 마지막으로 구매 전 상품 상세페이지에서 확인되는 배송예정일은 아이디에 설정된 기본배송지를 기준으로 안내됩니다. 기본배송지와 주문/결제 시 선택한 배송지에 따라 쿠팡 배송직원의 배송 가능 여부가 달라질 수 있으며 이에 따라 배송예정일도 다르게 보일 수 있습니다. 쿠팡 배송직원의 배송 권역 확대를 통해 고객님께 더욱 만족스러운 배송 서비스를 제공할 수 있도록 노력하는 쿠팡이 되겠습니다. 
 쿠팡 배송직원의 배송이 가능/불가능할 경우 (클릭)
 배송현황 확인하기 (클릭)",DELIVERY,0
242,Q[배송일정] 배송조회를 했는데 배송정보가 없다고 나와요.,"운송장 번호는 등록되어 있으나 배송 정보가 없다고 안내되는 경우
주문 당일 상품을 발송하여 시스템에 운송장 번호가 아직 등록되지 않은 상황으로 다음 날부터 배송조회가 가능합니다.
 운송장 번호가 등록되지 않았으며 배송 조회가 되지 않는 경우
대형 가전 또는 가구의 경우 일반 택배사를 이용하지 않고 판매자가 직접 배송할 수 있습니다. 이와 같은 경우 배송조회가 불가능하므로 정확한 배송일정 및 현황은 판매자에게 문의하시기 바랍니다.",DELIVERY,0
243,Q[배송일정] 배송 날짜와 시간을 지정할 수 있나요?,"아니요. 배송은 상품재고 배송준비시간 배송경로 배송물량 등 다양한 요소에 따라 배송 방문시간이 달라지기에 배송 날짜와 시간을 지정할 수 없습니다. 
 • 단 로켓배송 상품의 경우 배송 날짜만 주문/결제 시 지정할 수 있습니다.
• 각 상품별 상세페이지의 배송일정을 참고 부탁드립니다. 
 배송현황 확인하기
마이쿠팡 → 주문목록 → 상품선택 → 배송조회",DELIVERY,0
244,Q[로켓직구] 배송예정일이 지났는데 상품이 도착하지 않습니다.,"로켓직구 상품 배송은 현지 상황 항공기/선박 일정 주문량 증가 등 예외 사유 발생 시 배송예정일 보다 배송이 다소 지연될 수 있습니다. 해외에서 발송되는 상품이기에 통관 과정에서 지연될 수 있으며 이러한 경우 관세사에서 고객님께 연락을 드리고 있습니다. 관세사에서 연락을 받지 못하셨고 구매 당시에 확인된 배송예정일 내에 상품을 받지 못하셨다면 마이쿠팡에서 무료로 주문취소 신청이 가능합니다.
 주문 취소하기
• 마이쿠팡 → 주문목록 → 상품선택 → [주문취소] 
• 이후 각 단계에 해당하는 항목을 선택하여 취소를 완료합니다.",DELIVERY,0
245,Q[로켓배송] 새벽배송 상품이 배송 지연된다는 문자를 받았어요.,"배송 지연으로 불편을 드려 죄송합니다. 악천후 주문량 증가 명절 연휴 등 예외적인 사유 발생 시 배송이 다소 지연될 수 있습니다. 문자로 안내해 드린 일정에 맞춰 배송할 예정이니 양해를 부탁드립니다. 
 배송현황 확인하기
마이쿠팡 → 주문목록 → 상품선택 → 배송조회",DELIVERY,0
246,Q[프레시백] 프레시백을 사용 또는 미사용 하는 방법을 알려주세요.,"로켓프레시 상품을 주문하면 기본적으로 주문/결제 페이지에서 프레시백을 사용하도록 설정되어 있습니다. 프레시백으로 배송 받길 원하시면 별도의 절차 없이 그대로 주문하시면 됩니다. 만약 프레시백 배송을 원하지 않으시면 주문/결제 페이지에서 [박스 포장]을 선택해 주시면 됩니다. 
 이미지로 확인하기 (클릭)",DELIVERY,0
247,Q[로켓배송] 새벽배송과 로켓배송을 선택할 수 있나요?,"아니요. 선택할 수 없습니다. 주문하시기 전에 상품 상세페이지에서 배송 시간을 확인해 주세요. 새벽배송 도착 보장 상품에 한하여 새벽배송이 가능합니다. 새벽배송 도착 보장 상품과 다음 날 배송되는 로켓배송 상품을 함께 구매한 경우 상품이 두 번에 나누어져서 각각 배송됩니다.
 단 로켓와우 상품과 로켓배송 상품을 함께 구매한 경우 새벽배송 상품의 수령 일정을 변경할 수 있습니다. 주문/결제 페이지에서 해당 상품의 새벽도착 여부를 선택해 주세요. 새벽도착을 선택하면 로켓배송 상품과 나누어져 각각 배송되며 새벽도착을 선택하지 않으면 로켓배송 상품과 같은 시간에 함께 배송됩니다. 그리고 이 선택은 다음 주문 시에도 동일하게 적용됩니다. 만약 다음 주문에서 이 선택을 변경하시려면 주문/결제 페이지에서 원하는 옵션으로 다시 선택해 주시기 바랍니다.",DELIVERY,0
248,Q[배송일정] 휴일에도 상품을 받을 수 있나요?,"로켓배송 배송지역은 휴일(일요일 공휴일)에도 상품을 받을 수 있습니다. 단 로켓배송 중 협력택배사 및 일반택배사가 배송하는 지역은 휴일에는 배송하지 않습니다. 각 택배사마다 휴일 및 명절기간 운영방침이 다르므로 정확한 사항은 각 택배사 고객센터로 문의해 주시기 바랍니다. 본인이 주문한 상품의 택배사는 [마이쿠팡 → 주문목록 → 상품선택 → 배송조회]에서 확인할 수 있습니다.
 배송현황 확인하기 (클릭)",DELIVERY,0
249,Q[배송] 새벽/당일배송으로 주문했는데 일반배송으로 변경됐어요.,"갑작스러운 주문량 증가 등으로 출고 물류센터에서 새벽/당일 배송이 가능하지 않을 경우 부득이하게 일반배송으로 변경될 수 있는 점 양해 부탁드립니다. 
 배송현황 확인하기
마이쿠팡 → 주문목록 → 상품선택 → 배송조회",DELIVERY,0
250,Q[배송] 상품을 이미 받았는데 발송되었다는 문자가 왔습니다.,쿠팡에서 배송 정보를 전산에 입력하면 발송안내 문자메시지가 전송됩니다. 그러나 간혹 운송장번호 입력이 늦어지는 경우가 있으며 이 경우 발송안내 문자메시지가 뒤늦게 전송될 수 있는 점 양해 부탁드립니다. 상품 수령 후에 발송안내 문자를 받아도 주문한 상품이 이중으로 배송되지는 않습니다.,DELIVERY,0
251,Q[해외직구] 통관 진행 상황은 어떻게 조회하나요?,"해외 직구 상품의 통관 정보는 관세청 홈페이지에서 누구나 쉽게 조회할 수 있습니다. 
 통관내역 조회하기
• 해외직구 통관정보조회 바로가기
• 관세청 홈페이지 : http://www.customs.go.kr",DELIVERY,0
252,Q[로켓직구] 관세청에서 통관 불가 안내를 받았는데 어떻게 해야 하나요?,"통관이 불가한 경우 관세사무소에서 고객님께 연락을 드립니다. 관세사무소의 안내에 따라 상황에 알맞은 조치를 취하시면 됩니다. 그러나 연락을 받은 후 아무런 조치를 취하지 않아 통관이 미처리된 상태에서 60일이 지나면 세관에서 상품을 폐기합니다. 아래의 통관이 불가한 경우를 참고하신 후 알맞은 조치를 취하시기 바랍니다.
 ① 개인통관고유부호 정보 오류 시 통관이 불가합니다. 이 경우 관세사무소에 상품을 ‘받는 사람의 이름’과 ‘받는 사람의 개인정보(개인통관고유부호 주민등록번호 여권번호 중 한 가지 선택)’를 정확히 제출해 주세요. 이후 본인 인증이 완료되면 통관이 정상적으로 진행됩니다.
 ② 통관 법상 개인 구매 수량 제한이 있는 상품군을 기준보다 초과하여 구매한 경우 초과한 수량에 대해서는 통관이 불가합니다. 관세사무소의 안내에 따라 초과한 수량은 ‘분할폐기신청’을 해야 합니다. 이후 나머지 수량은 정상적으로 통관이 진행됩니다. 예를 들어 건강기능식품 7개를 구매했다면 기준을 초과한 1개는 분할 폐기하고 나머지 6개는 정상적으로 통관됩니다. (건강기능식품의 구매 수량 제한은 1인당 최대 6개) 참고로 동일한 수취인(받는사람)의 여러 개 주문이 같은 날 통관될 경우 모든 주문의 상품이 합산되어 개인 구매 수량 제한을 초과할 수 있습니다. 따라서 주문을 여러 번 할 때에는 평일 기준 3일 이상 간격을 두고 주문하시길 권장합니다.
 ③ 해외 상품의 총 구매금액이 150달러(USD)를 초과하는 경우에는 관부가세가 부과됩니다. 이때는 부과된 세금을 납부해야만 통관이 정상적으로 진행됩니다. 단 주문한 모든 상품이 미국 발 ‘목록통관’ 품목이면 200달러(USD)를 초과 시 관부가세가 부과됩니다. (목록통관 품목: 일반식품류 건강기능식품 동물사료 의약품 향수 기능성 화장품류를 제외한 모든 품목)
 ④ 통관 금지 성분이 포함된 상품을 구매하면 통관이 불가합니다. 이 경우 관세사무소의 안내에 따라 해당 상품은 ‘분할폐기신청’을 해야 합니다. 이후 나머지 품목은 정상적으로 통관이 진행됩니다.
 이외에도 다양한 사유로 통관이 불가 및 제한될 수 있습니다. 관세사무소의 연락을 받으시면 안내에 따라 최대한 협조해 주시기 바랍니다.",DELIVERY,0
253,Q[로켓직구] 통관 절차는 어떻게 되나요?,"로켓직구 상품의 통관 절차는 다음과 같습니다.
 ① 상품이 한국에 도착하면 세관에 수입을 신고합니다.
② 세관에서 검사와 심사를 진행합니다. (물품 제출서류 전산화면 등)
③ 검사와 심사에 이상이 없을 경우 통관이 완료됩니다.
④ 상품을 택배사로 이관하여 국내 배송을 시작합니다.
 참고사항 
식품과 건강기능식품류 상품은 식약처에 식품검역 또는 동물검역을 신고하고 그 결과를 받아서 세관에 수입 신고를 하기에 시간이 더 소요됩니다.",DELIVERY,0
254,Q[주소 검색] 5자리 우편번호만 검색되는데 6자리 우편번호는 사용할 수 없나요?,네 2015년 8월 1일부터 5자리 우편번호를 사용하게 되었습니다. 원활한 배송을 위해 5자리 새 우편번호를 사용해 주시기 바랍니다. 만약 본인 주소지의 5자리 우편번호를 모르거나 등록되어 있지 않다면 [행정부 도로명주소 웹사이트 도움센터]를 이용해 주세요.,DELIVERY,0
255,Q[주소 검색] 정식 건축물이 아닌데 배송지로 등록할 수 있나요?,네 행정부에 등록된 주소라면 정식 건축물이 아니어도 배송지로 등록할 수 있습니다. (예 : 가건물 비닐하우스 건축 중인 건물 등) 따라서 고객님의 주소가 [행정부 도로명주소 웹사이트]에서 검색되는지 확인한 후 등록된 주소를 사용해 주시기 바랍니다. 만약 고객님의 주소가 행정부에 등록되어 있지 않다면 관할 행정구역 및 [주소 도움센터]에 등록을 먼저 요청해 주세요.,DELIVERY,0
256,Q[주소 검색] 주소가 검색되지 않아요.,"본인의 주소가 검색되지 않는다면 다음의 사항을 확인해 주세요. 
 ① 주소 입력 시 오타가 있는지 또는 띄어쓰기를 정확히 입력했는지 확인해 주세요.
② 고객님께서 입력한 주소가 [행정부 도로명주소 웹사이트]에서 검색되는지 확인한 후 등록된 주소를 사용해 주세요.
③ 고객님의 주소가 행정부에 등록되어 있지 않다면 관할 행정구역 및 [주소 도움센터]에 등록을 요청해 주세요.",DELIVERY,0
257,Q[로켓직구] 주문자와 받는 사람이 다르면 누구의 개인통관고유부호를 입력해야 하나요?,"상품을 주문한 사람(구매한 사람)과 받는 사람이 다르면 개인통관고유부호는 ‘받는 사람(수취인)’의 정보로 입력해야 합니다.
 이 정보를 정확하게 입력하지 않으면 본인 인증 불가로 통관이 불가합니다. 이 경우 관세사무소에 받는 사람(수취인)의 이름 개인정보(개인통관고유부호 주민등록번호 여권번호 중 택 1) 휴대폰 번호를 제출하고 본인 인증을 완료하여야 통관을 진행할 수 있습니다.",DELIVERY,0
258,Q[로켓직구] 로켓직구는 어떻게 이용하나요?,"로켓직구는 해외 판매자가 쿠팡에 입점하여 해외에서 고객님께 직접 상품을 발송하는 서비스입니다. 로켓직구 주문 시에는 통관을 위해 받는 사람(수취인)의 개인통관고유부호와 같은 개인식별정보 입력이 필요합니다.
 구매 시 29800원 이상을 장바구니에 담아 한 번에 주문하면 무료배송이고 29800원 미만이면 2500원의 배송비가 부과됩니다. 와우 멤버십 회원은 구매 금액에 상관없이 무료배송입니다. (단 모바일 웹 구매 시 제외)",DELIVERY,0
259,Q[로켓직구] 관세 부과 기준은 무엇인가요?,"세관 통관 시 동일시기에 입항한 '해외 상품의 총 구매금액'이 150달러($)를 초과하는 경우 관부가세가 부과됩니다. 주문일이 아닌 입항(국내도착일) 기준으로 관세와 부가세가 발생되기 때문에 한 수취인의 명의로 된 여러 주문이 같은 날 통관될 경우 구매금액이 합산될 우려가 있습니다. 주문 당 5일(평일기준) 정도의 기간을 두고 주문하시길 권장합니다.
 농수산식품 등의 경우
• 총 구매 금액이 150달러($) 이하여도 자가소비 기준 제한 kg 조건을 넘길 경우 폐기됩니다.
• 예시 : 쌀 오트밀 밀가루 꿀 스팸과 같은 농수산식품의 경우 5kg 이내만 통관 가능
 ※ 관세와 부가세를 합쳐서 관부가세라고 합니다.
※ 자세한 기준은 관세청 홈페이지에서 확인해 주시기 바랍니다.",DELIVERY,0
260,Q[로켓직구] 개인통관고유부호가 무엇인가요?,"개인통관고유부호는 개인 물품 수입 신고 시 개인정보 유출을 방지하기 위해 주민등록번호 대신 사용하는 13자리 부호입니다. 이는 개인 식별을 위한 고유번호로 관세청 시스템에서 신청 즉시 발급됩니다. 한 번 발급받은 부호는 반복해서 사용할 수 있습니다. 상품 구매 시 ‘주문하는 사람’과 ‘받는 사람’이 다른 경우엔 ‘받는 사람(수취인)’의 개인통관고유부호를 입력하셔야 통관이 가능한 점 유의해 주세요. 
 개인통관고유부호 발급하기
관세청 전자통관시스템 바로가기 (클릭)",DELIVERY,0
261,Q[배송지] 배송지를 미리 저장해 놓을 수 있나요?,"네 마이쿠팡 [주소록(배송지) 관리] 메뉴에서 배송지를 미리 저장해 놓을 수 있습니다. 
 기본 배송지 뿐 아니라 자주 쓰는 다른 배송지까지 최대 20개까지 추가 등록 및 저장할 수 있습니다.",DELIVERY,0
262,Q[배송비] 대형상품(가전 가구 등)의 배송비는 얼마인가요?,"대형 상품(가전 가구 등)의 경우 일반 택배가 아닌 판매자 또는 대리점을 통해 직배송 차량으로 배송됩니다. 
때문에 배송지가 상품별(크기 중량 등) 지역별로 다르게 책정되고 있습니다. 정확한 배송비는 상품 페이지 내 배송비를 참고해 주시기 바랍니다.",DELIVERY,0
263,Q[배송비] 부재중으로 상품이 반송된 경우 배송비는 누가 부담하나요?,고객 부재로 반송되거나 연락처를 잘못 기재하여 반송된 경우 상품의 배송비는 고객님께서 부담하셔야 합니다.,DELIVERY,0
264,Q[배송비] 배송비는 얼마인가요?,배송비는 각 상품마다 다르므로 구입하려는 상품의 상세페이지에서 배송비를 확인해 주세요. 배송비는 상품의 종류 부피 무게뿐 아니라 판매자와 택배사의 계약 조건 등에 따라 다양합니다. 도서 산간 지역은 추가 배송비가 발생할 수 있으며 이는 구매자 부담입니다.,DELIVERY,0
265,Q[직접수령] 직접 방문하여 상품을 수령할 수 있나요?,아니요. 쿠팡의 배송 상품은 고객님께 직접 배송해 드리는 것을 원칙으로 하고 있습니다. 고객님의 직접 방문 및 수령은 불가합니다.,DELIVERY,0
266,Q[배송지] 기본 배송지 변경은 어떻게 하나요?,"아래의 순서대로 기본 배송지를 변경할 수 있습니다. 
 기본 배송지 변경하기
① 마이쿠팡에서 [주소록(배송지) 관리] 클릭
② [수정] 클릭 후 주소 변경
③ 하단에 [기본 배송지로 선택] 체크
④ [저장] 클릭
 참고사항
주문/결제 단계에서 기본 배송지를 변경하고 싶은 경우 주문/결제 페이지에서 배송지를 선택한 후 위와 동일한 방법으로 수정할 수 있습니다.",DELIVERY,0
267,Q[배송지] 배송 중에 배송지 및 배송요청사항을 변경할 수 있나요?,아니요. 상품이 이미 출고되어 배송 중인 상태에서는 배송지 및 배송요청사항을 변경할 수 없습니다.,DELIVERY,0
268,Q[해외 수령] 주문한 상품을 해외로 배송할 수 있나요?,아니요. 쿠팡은 현재 해외 주소지로 배송 서비스를 제공하지 않습니다. 배송은 국내 주소지로만 가능합니다.,DELIVERY,0
269,Q[배송일정] 주문제작/업체직송/설치상품은 언제 배송되나요?,"주문제작/업체직송/설치상품의 배송과 설치 일정은 각 상품마다 상이하므로 판매자에게 직접 문의해 주시기 바랍니다. 참고로 설치상품은 배송과 설치가 동시에 진행되는 경우도 있고 배송 후 기사가 별도로 방문하여 설치하는 경우도 있습니다. 판매자에게 문의 시 참고 부탁드립니다. 
 상품 유형별 판매자 문의처
• 로켓배송 로켓설치 상품은 쿠팡 고객센터(1577-7011)로 문의
• 판매자 배송 상품은 상품 상세페이지 내 배송/교환/반품/판매자 안내에서 판매자 연락처 확인하여 문의 
 판매자에 문의하기
• 마이쿠팡 → 주문목록 → 상품선택 → [‘판매자명’에 문의하기] 
• 상품 상세페이지 내 배송/교환/반품/판매자 안내에서 판매자 연락처 확인 가능",DELIVERY,0
270,Q[착불 배송] 착불 배송이란 무엇인가요?,"착불 배송이란 상품의 배송비를 고객님이 직접 택배기사에게 바로 지불하는 방법을 말합니다.
착불 배송 상품을 구매하신 경우에는 상품 수령 시 택배기사에게 택배비를 지불하셔야 합니다.",DELIVERY,0
271,Q[배송비] 무료배송은 어떻게 받나요?,무료배송은 와우 멤버십 가입 여부 무료배송 이벤트 기간 각 상품의 구매 금액 기준 등에 따라 다양하며 그 조건을 충족할 때 무료배송이 가능합니다. 따라서 고객님 계정으로 로그인 후 구입하려는 상품의 상세페이지에서 무료배송의 조건을 확인해 주시기 바랍니다.,DELIVERY,0
272,Q[배송비] 주문 시 배송비를 지불했는데 택배사에서 배송비를 요구합니다.,가구 및 가전제품의 경우 배송 및 설치 과정에서 추가 비용이 발생할 수 있습니다. 주문 시 배송비를 지불했는데 택배사에서 추가 배송비를 요구한다면 판매자에게 문의하여 배송비 조건을 확인해 주시기 바랍니다.,DELIVERY,0
273,Q[분리배송] 여러 상품을 한 번에 주문했는데 왜 따로따로 배송되나요?,여러 상품을 함께 주문했어도 각 상품의 판매자 및 물류센터가 각각 다를 수 있습니다. 이 경우 각각의 상품들은 서로 다른 곳에서 출고되기에 따로 배송됩니다. 또한 판매자 및 물류센터가 동일하여도 재고 및 택배사 사정에 따라 따로 배송되어 도착일자가 다를 수 있습니다.,DELIVERY,0
274,Q[묶음배송] 여러가지 상품 주문 시 묶음배송이 가능한가요?,동일한 판매자의 상품일 경우에는 묶음배송이 가능할 수도 있으나 반드시 보증되는 사항은 아닙니다. 동일한 판매자의 상품일지라도 주문번호가 다르면 묶음배송이 불가하고 또 상품의 특성에 따라 불가한 경우도 있습니다. 각 주문에 대한 자세한 가능 여부는 상품의 상세페이지를 확인해 주시거나 판매자에게 문의해 주시기 바랍니다.,DELIVERY,0
275,Q[프레시백] 프레시백은 어떻게 관리되나요?,모든 프레시백은 수거 후 당일 세척하여 위생적으로 관리됩니다.,DELIVERY,0
276,Q[로켓배송] 로켓프레시 상품을 구매하면 새벽배송 되나요?,네 로켓프레시 상품은 최대한 빠르고 신선하게 이용할 수 있도록 오전 7시 전까지 문 앞으로 배송됩니다. 단 주문량 증가 및 기상 악화 등 상황에 따라 배송 시간이 변경될 수 있습니다. 주문 완료 후 배송정보를 참고해 주시기 바랍니다.,DELIVERY,0
277,Q[배송지] 주문 후 결제까지 완료했는데 배송지를 변경하고 싶어요.,"주문/결제 직후라면 아래의 경로에서 배송지 변경이 가능합니다. 단 상품 종류 및 준비 상태에 따라 배송지 변경이 불가할 수 있습니다.
 주문상품 배송지 변경하기
① 마이쿠팡 → 주문목록 → [주문상세보기] 선택
② ‘받는사람 정보’의 ‘받는주소’에서 [변경하기] 선택
※ 위 [변경하기] 버튼이 없으면 배송지를 변경할 수 있는 시간이 경과한 것입니다.",DELIVERY,0
278,Q[로켓배송] 새벽배송 주문 후 배송지를 변경할 수 있나요?,"상품에 종류에 따라 다릅니다. 새벽배송 전용인 로켓프레시 상품은 주문/결제 완료 후에는 배송지 변경이 불가합니다. 그러나 새벽배송 중 로켓배송 일반 상품은 배송시작 전까지 배송지를 변경할 수 있습니다. 배송지 변경 후에는 아래 경로에서 배송예정일을 다시 확인 부탁드립니다. (변경 후 반영까지 약 1~2분 소요)
 주문상품 배송지 변경하기
마이쿠팡 → 주문목록 → 상품선택 → 주문상세보기 → 배송지 [변경하기] 클릭
 배송현황 확인하기
마이쿠팡 → 주문목록 → 상품선택 → 배송조회",DELIVERY,0
279,Q[로켓배송] 새벽배송 날짜와 배송시간을 지정할 수 있나요?,"아니요. 새벽배송은 다양한 요소(상품재고 배송준비시간 배송경로 배송물량 등)에 의해 배송 방문시간이 달라지기에 배송 날짜와 시간을 지정할 수 없습니다.
 배송현황 확인하기
마이쿠팡 → 주문목록 → 상품선택 → 배송조회",DELIVERY,0
280,Q[사전예약] 로켓배송 사전예약 상품은 언제 도착하나요?,주문 단계에서는 주문/결제 페이지에 안내되는 도착 예정일을 확인해 주시기 바랍니다. 주문 완료 후에는 [마이쿠팡 → 주문목록]에서 도착 예정일을 확인할 수 있습니다.,DELIVERY,0
281,Q[로켓직구] 로켓직구의 상품은 언제쯤 배송되나요?,"개별 주문의 배송예정일은 마이쿠팡을 통해 직접 확인할 수 있습니다. 단 해외 배송의 특성상 현지 상황 항공기 및 선박 일정 주문량 증가 통관 지연 등으로 인해 예정보다 다소 지연될 수 있는 점 양해를 부탁드립니다.
 배송현황 확인하기
마이쿠팡 → 주문목록 → 상품선택 → 배송조회",DELIVERY,0
282,Q[한 번에 받기] 저는 ‘한 번에 받기’를 선택한 적이 없습니다.,이전 주문과 배송예정일 통합이 가능할 경우 ‘한 번에 받기’가 기본으로 체크되어 있습니다. ‘한 번에 받기’ 서비스를 원하지 않을 경우 신규 주문 시 주문/결제 단계에서 ‘따로 받기’를 선택해 주세요. 이때 ‘앞으로도 따로 받을게요’를 같이 선택하시면 추후에도 적용되지 않습니다.,DELIVERY,0
283,Q[한 번에 받기] ‘한 번에 받기’를 사용하고 싶지 않습니다.,신규 주문 시 이전에 주문한 상품과 한 번에 받고 싶지 않은 경우 주문/결제 단계에서 ‘따로 받기’를 선택해 주세요. 이때 ‘앞으로도 따로 받을게요’를 같이 선택하시면 추후에도 적용되지 않습니다.,DELIVERY,0
284,Q[한 번에 받기] ‘한 번에 받기’를 선택하여 주문한 후 다른 배송예정일로 다시 변경할 수 있나요?,변경 가능 여부는 배송 상태에 따라 다릅니다. [마이쿠팡 → 주문목록 → 배송조회]에서 ‘다시 변경하기’ 버튼이 노출되면 다른 배송예정일로 직접 변경할 수 있습니다. 그러나 해당 버튼이 노출되지 않는다면 이미 배송준비 또는 배송 중인 상태로 변경이 불가합니다.,DELIVERY,0
285,Q[한 번에 받기] ‘한 번에 받기’란 무엇인가요?,로켓상품 ‘한 번에 받기’란 신규 주문 시 아직 배송되지 않은 이전 주문이 있을 경우 두 주문의 배송예정일을 통합하여 한 번에 배송해 드리는 서비스입니다. 적용이 가능한 경우에만 주문 과정에서 ‘한 번에 받기’ 기능이 노출되고 고객님께서는 본인 의사에 따라 ‘한 번에 받기’ 또는 ‘따로 받기’를 선택할 수 있습니다.,DELIVERY,0
286,Q[배송] ‘로켓배송 상품과 같은 시간에 받아보세요’를 선택한 적이 없습니다.,하나의 주문에 각 상품의 배송예정일(시간)이 다른 경우 ‘로켓배송 상품과 같은 시간에 받아보세요’가 기본으로 체크되어 있습니다. 해당 서비스를 원하지 않을 경우 주문/결제 단계에서 ‘다른 도착일(시간)’을 선택해 주세요.,DELIVERY,0
287,Q[배송] ‘로켓배송 상품과 같은 시간에 받아보세요’를 선택하여 주문한 후 다른 배송예정일(시간)로 변경할 수 있나요?,아니요. 해당 기능을 적용한 이후에는 배송예정일(시간)을 변경할 수 없는 점 양해 부탁드립니다.,DELIVERY,0
288,Q[배송] ‘로켓배송 상품과 같은 시간에 받아보세요’는 무엇인가요?,‘로켓배송 상품과 같은 시간에 받아보세요’ 기능은 하나의 주문번호에 여러 상품을 구매하였을 때 각 상품의 배송예정일(시간)이 다른 경우 이를 한 번에 통합하여 같은 시간에 배송해 드리는 서비스입니다. 적용이 가능한 경우에만 주문 과정에서 ‘로켓배송 상품과 같은 시간에 받아보세요’ 기능이 노출되고 고객님께서는 본인 의사에 따라 ‘같은 시간에 받기’ 또는 ‘다른 도착일(시간)에 받기’를 선택할 수 있습니다.,DELIVERY,0
289,Q[프레시백] 프레시백으로 주문했지만 박스나 비닐 포장으로 배송되는 경우도 있나요?,네 수박 계란 등 프레시백에 담기 어려운 상품은 박스나 비닐로 포장되어 배송될 수 있습니다.,DELIVERY,0
290,Q[선물하기] 선물하기로 주문했는데 배송상태가 보이지 않습니다.,선물을 보내는 사람(주문자)이 주문 시 [쿠팡캐시로 교환 가능] 옵션을 선택하였고 선물을 받는 사람(수취인)이 [상품으로 받기] 대신 [쿠팡캐시로 교환하기]로 선물을 수락했다면 상품 배송이 진행되지 않습니다. 이 경우 배송상태가 별도로 보이지 않으며 선물을 보내는 사람(주문자)의 주문내역에서는 [선물 수락 완료]의 상태 값이 표시됩니다.,DELIVERY,0
291,Q[선물하기] 선물을 받는 사람(수취인)이 입력한 주소와 연락처가 주문자에게 노출되나요?,아니요. 선물을 받는 사람(수취인)이 입력한 주소와 연락처 정보는 선물을 보내는 사람(주문자)에게 노출되지 않습니다. 그리고 택배의 운송장에는 선물을 받는 사람(수취인)의 이름이 기재됩니다.,DELIVERY,0
292,Q[프레시백] 로켓프레시 에코서비스(프레시백)가 무엇인가요?,와우 멤버십 회원 중 일부 지역에 한 해 로켓프레시 상품 주문 시 일회용 박스가 아닌 재사용이 가능한 가방에 배송되는 서비스입니다.,DELIVERY,0
293,Q[선물하기] 배송지 입력 기한이 지나면 어떻게 되나요?,선물을 받는 사람(수취인)이 선물 수락 기한 내 배송지를 입력하지 않으면 주문은 자동으로 취소됩니다. 이는 선물을 보내는 사람(주문자)에게 즉시 알림이 가고 결제 취소와 환불이 순차적으로 진행됩니다.,DELIVERY,0
294,Q[선물하기] 선물하기 상품의 배송상태가 계속 ‘선물 수락 전’으로 표시됩니다.,"배송상태가 ‘선물 수락 전’이면 선물을 받는 사람(수취인)이 아직 선물을 수락하지 않은 상태입니다. 이 경우 선물을 보내는 사람(주문자)이 받는 사람(수취인)에게 직접 연락하여 선물 수락하기를 요청하거나 마이쿠팡에서 선물 메시지를 다시 보낼 수 있습니다.
 선물메시지 재전송하기
마이쿠팡 → 주문목록 → 상품선택 → [선물메시지 재전송] 선택
 선물을 받는 사람(수취인)이 7일 내로 선물을 수락하지 않으면 선물하기 주문은 자동으로 취소됩니다.",DELIVERY,0
295,Q[선물하기] 선물한 주문 내역은 어디에서 확인하나요?,"선물하기로 주문한 상품도 마이쿠팡 주문목록에서 일반 상품과 동일하게 확인할 수 있습니다. 선물하기로 주문한 경우 주문목록에 To: 받는 사람 이름이 표기되어 있습니다. 즉 선물을 받는 사람(수취인)의 이름이 기재되어 있는 주문은 선물하기로 구매한 것으로 보시면 됩니다. 
 단 주문 내역을 삭제한 경우에는 마이쿠팡에서 주문 내역을 확인할 수 없습니다. 이 경우 구입 시 수신한 이메일을 확인하시거나 쿠팡 고객센터(1577-7011)로 문의해 주시기 바랍니다.",DELIVERY,0
296,Q[선물하기] 선물하기 상품을 주문한 후 배송지를 변경하고 싶어요.,"선물하기는 배송지를 입력한 후 배송지 변경이 불가합니다. 
 선물을 받는 사람(수취인)은 배송지를 입력하고 수락한 이후에는 배송지 변경이 불가합니다. 입력한 배송지에서 상품을 받기 어려운 경우 쿠팡 고객센터(1577-7011)로 연락하여 취소 및 반품을 접수해 주세요.
 선물을 보내는 사람(주문자)은 선물을 받는 사람(수취인)의 배송지를 볼 수 없기에 배송지를 변경할 수 없습니다.",DELIVERY,0
297,Q[선물하기] 선물하기로 주문한 상품은 언제 배송되나요?,"선물하기로 주문한 상품은 선물을 받는 사람(수취인)이 선물을 수락한 뒤에 안내되는 배송예정일까지 배송됩니다.  따라서 선물을 수락한 일자와 배송지에 따라 각 주문의 배송예정일은 차이가 있습니다. 또한 도서산간 지역 및 천재지변으로 인해 배송 일정이 변동될 수 있으니 각 주문의 배송 현황은 아래의 마이쿠팡을 통해 직접 확인해 주시기 바랍니다. (마이쿠팡 선물함은 모바일 앱에서만 이용 가능 PC는 불가)
 선물을 받는 사람(수취인) :
마이쿠팡 → 선물함(받은 선물) → 배송조회
 선물을 보내는 사람(주문자) : 
마이쿠팡 → 주문목록 또는 선물함(보낸 선물) → 배송상태
※ 선물을 보내는 사람(주문자)은 배송상태만 확인할 수 있습니다.",DELIVERY,0
298,Q[로켓직구] 로켓직구에서 판매하는 상품은 정품이 맞나요?,네 로켓직구 상품은 쿠팡이 보증하는 해외 정품이 맞습니다. 단 해외 현지 국가의 내수용 상품으로 한국으로 공식 수입 및 유통되는 상품과 표지 디자인 또는 포장 방식이 다를 수 있습니다.,DELIVERY,0
299,Q[배송] 주문한 상품과 다른 상품이 배송되었어요.,"주문한 상품과 다른 상품을 받은 경우 마이쿠팡을 통해 직접 쉽고 빠르게 교환 및 반품을 신청할 수 있습니다. 아래의 경로에서 교환/반품을 신청해 주시기 바랍니다. 
 교환/반품 신청하기
• 마이쿠팡 → 주문목록 → 상품선택 → [교환 반품 신청] 선택
• 이후 각 단계에 해당하는 항목을 선택하여 신청을 완료합니다.
 회수/배송/비용 안내 (클릭)
 교환/반품 가능 기간 (클릭)",DELIVERY,0
300,Q[상품분실] 택배사에서 상품을 분실했다는데 어떻게 해야 하나요?,"택배사에서 분실한 상품에 대해서는 판매자 또는 택배사에 문의해 주시기 바랍니다. 분실한 상품의 재배송 및 환불은 판매자와 계약한 택배사의 확인 후 처리가 가능합니다.
 상품 유형별 판매자 문의처
• 로켓배송 로켓프레시 로켓모바일 로켓직구는 쿠팡 고객센터로 문의
• 판매자 배송 상품은 아래의 경로를 통해 해당 판매자에게 직접 문의
 판매자에 문의하기
• 마이쿠팡 → 주문목록 → 상품선택 → [‘판매자명’에 문의하기]
• 버튼 클릭 후 판매자 연락처 확인 및 문의 가능
 택배사에 문의하기
• 마이쿠팡 → 주문목록 → 상품선택 → [택배 배송기사에게 전화하기]
• 택배기사 연락처 확인 불가 시 배송조회 후 택배사로 문의 가능",DELIVERY,0
301,Q[포장] 상품 구매 시 선물포장이 가능한가요?,"상품 페이지 내 선물 포장이 가능하다고 기재된 상품만 선물 포장이 가능합니다. 
모든 상품이 선물 포장이 되는 것이 아니므로 가능 여부를 확인 후 주문해 주시기 바랍니다.
 ※ 선물하기로 주문한 상품도 별도의 선물 포장이 제공되지 않습니다.",DELIVERY,0
302,Q[AS] 주문한 상품을 A/S 받고 싶습니다.,"AS서비스는 제품의 제조사 또는 판매처로 문의해 주시기 바랍니다.
 제조사에 문의하기
각 제품의 포장 보증서 설명서 등에 기재된 제조사의 고객센터로 문의해 주시기 바랍니다. 인터넷 포털 사이트에서 제조사의 고객센터 또는 서비스센터 연락처를 확인하여 그곳으로도 문의할 수 있습니다.
 판매자에 문의하기
상품 상세페이지 내 배송/교환/반품/판매자 안내에서 판매자 연락처를 확인한 후 판매자에게 문의할 수 있습니다. 상품을 구매한지 오래되어 상품 상세페이지를 찾기 어려운 경우 [마이쿠팡 → 주문목록]에서 이전에 주문한 상품을 검색하여 찾을 수 있습니다.",DELIVERY,0
303,Q[로켓직구] 주문한 상품 중 일부가 배송되지 않았어요.,로켓직구 상품은 해외에서 발송되어 합포장이 어려운 경우 각 상품별로 분리되어 배송될 수 있습니다. 마이쿠팡에서 주문한 상품의 배송 현황을 다시 한번 확인해 주세요. 모든 상품이 배송 완료되었는데도 일부 상품을 받지 못하셨다면 마이쿠팡에서 반품 접수가 가능합니다.,DELIVERY,0
304,Q[배송] 배송 및 회수 요청사항에 소화전/EPS실/TPS실을 지정해도 되나요?,아니요. 화재예방 소방시설 설치/유지 및 안전 관리에 관한 법률(제10조)에 따라 소방법에 위반될 수 있으며 소방 호스가 흐트러지거나 엉켜서 화재 시 신속한 방수가 어려울 수 있고 물건 보관으로 인해 소화전/EPS실/TPS실의 장비가 훼손될 수 있기에 안전상을 이유로 소화전/EPS/TPS에 물품보관이 제한됩니다. 안전하고 신속한 배송을 위해 다른 장소로 지정해 주시기 바랍니다.,DELIVERY,0
305,Q[배송지] 한 번에 같이 구매한 상품의 배송지를 각각 설정할 수 있나요?,"아니요. 한 주문번호 당 배송지는 한 곳만 설정이 가능합니다. 
 상품을 각각 다른 주소로 배송받길 원하시면 배송지를 달리하여 각각 따로 주문해 주세요.",DELIVERY,0
306,Q[새벽배송] 새벽배송의 수령 방법과 문자 알림 시간을 바꾸고 싶어요.,"다음의 방법을 통해 새벽배송의 수령 방법과 문자 알림 시간을 변경할 수 있습니다. 
 새벽배송 설정/변경하기  
① 마이쿠팡에서 [주소록∙배송지 관리] 메뉴로 이동
② 변경할 주소지에서 [수정] 버튼 선택
③ [새벽] 메뉴 선택
④ 원하는 수령 방법과 문자 알림 시간을 선택
⑤ [동의하고 저장하기] 선택",DELIVERY,0
307,Q[배송지] 상품 결제 후 상품준비중 이라고 하는데 배송지 변경되나요?,"로켓배송 상품만 주문하셨다면 상품을 준비하는 중에도 배송지 변경이 가능합니다.
 판매자 배송 상품의 경우 '상품준비중'일 때 배송지 등록 후 출고 준비를 마친 상태이기 때문에 배송지 변경이 가능하지 않습니다. 단 일부 판매자의 경우 예외적으로 가능한 경우가 있으니 판매자에게 직접 문의해 보시기 바랍니다.",DELIVERY,0
308,Q[배송] 쿠팡 배송차량의 문제는 어디에 말하면 되나요?,쿠팡 배송차량의 사고 과속 주차 문제 등으로 확인이 필요할 시 고객님의 주소지 및 차량번호를 확인하여 신고접수센터(1800-9119)로 연락 부탁드립니다.,DELIVERY,0
